CUID_Deploy,deployedBy,CUID_Recover,recoveredBy,Reference Designator,deploymentNumber,versionNumber,startDateTime,stopDateTime,mooring.uid,node.uid,sensor.uid,lat,lon,orbit,deployment_depth,water_depth,notes,electrical.uid,assembly_template_revision
KN221-04,,AT30-01,,GI01SUMO-RID16-00-DCLENG000,1,1,2014-09-10T18:50:00,2015-08-22T11:00:00,CGMGI-01SUMO-00001,,CGCON-NDCL16-00008,59.9337,-39.47378,,12,2685,,,
KN221-04,,AT30-01,,GI01SUMO-RID16-01-OPTAAD000,1,1,2014-09-10T18:50:00,2015-08-22T11:00:00,CGMGI-01SUMO-00001,,CGINS-OPTAAD-00150,59.9337,-39.47378,,12,2685,,,
KN221-04,,AT30-01,,GI01SUMO-RID16-02-FLORTD000,1,1,2014-09-10T18:50:00,2015-08-22T11:00:00,CGMGI-01SUMO-00001,,CGINS-FLORTD-01104,59.9337,-39.47378,,12,2685,,,
KN221-04,,AT30-01,,GI01SUMO-RID16-03-CTDBPF000,1,1,2014-09-10T18:50:00,2015-08-22T11:00:00,CGMGI-01SUMO-00001,,CGINS-CTDBPF-50001,59.9337,-39.47378,,12,2685,,,
KN221-04,,AT30-01,,GI01SUMO-RID16-04-VELPTA000,1,1,2014-09-10T18:50:00,2015-08-22T11:00:00,CGMGI-01SUMO-00001,,CGINS-VELPTA-08544,59.9337,-39.47378,,12,2685,,,
KN221-04,,AT30-01,,GI01SUMO-RID16-05-PCO2WB000,1,1,2014-09-10T18:50:00,2015-08-22T11:00:00,CGMGI-01SUMO-00001,,CGINS-PCO2WB-C0051,59.9337,-39.47378,,12,2685,,,
KN221-04,,AT30-01,,GI01SUMO-RID16-06-DOSTAD000,1,1,2014-09-10T18:50:00,2015-08-22T11:00:00,CGMGI-01SUMO-00001,,CGINS-DOSTAD-00212,59.9337,-39.47378,,12,2685,,,
KN221-04,,AT30-01,,GI01SUMO-RID16-07-NUTNRB000,1,1,2014-09-10T18:50:00,2015-08-22T11:00:00,CGMGI-01SUMO-00001,,CGINS-NUTNRB-00262,59.9337,-39.47378,,12,2685,,,
KN221-04,,AT30-01,,GI01SUMO-RID16-08-SPKIRB000,1,1,2014-09-10T18:50:00,2015-08-22T11:00:00,CGMGI-01SUMO-00001,,CGINS-SPKIRB-00240,59.9337,-39.47378,,12,2685,,,
KN221-04,,AT30-01,,GI01SUMO-RII11-02-ADCPSN010,1,1,2014-09-10T18:50:00,2015-08-22T11:00:00,CGMGI-01SUMO-00001,,CGINS-ADCPSN-21717,59.9337,-39.47378,,500,2685,,,
KN221-04,,AT30-01,,GI01SUMO-RII11-02-CTDMOQ011,1,1,2014-09-10T18:50:00,2015-08-22T11:00:00,CGMGI-01SUMO-00001,,CGINS-CTDMOQ-11477,59.9337,-39.47378,,20,2685,,,
KN221-04,,AT30-01,,GI01SUMO-RII11-02-CTDMOQ012,1,1,2014-09-10T18:50:00,2015-08-22T11:00:00,CGMGI-01SUMO-00001,,CGINS-CTDMOQ-11475,59.9337,-39.47378,,60,2685,,,
KN221-04,,AT30-01,,GI01SUMO-RII11-02-CTDMOQ013,1,1,2014-09-10T18:50:00,2015-08-22T11:00:00,CGMGI-01SUMO-00001,,CGINS-CTDMOQ-11482,59.9337,-39.47378,,100,2685,,,
KN221-04,,AT30-01,,GI01SUMO-RII11-02-CTDMOQ014,1,1,2014-09-10T18:50:00,2015-08-22T11:00:00,CGMGI-01SUMO-00001,,CGINS-CTDMOQ-11480,59.9337,-39.47378,,180,2685,,,
KN221-04,,AT30-01,,GI01SUMO-RII11-02-CTDMOQ015,1,1,2014-09-10T18:50:00,2015-08-22T11:00:00,CGMGI-01SUMO-00001,,CGINS-CTDMOQ-11479,59.9337,-39.47378,,250,2685,,,
KN221-04,,AT30-01,,GI01SUMO-RII11-02-CTDMOQ016,1,1,2014-09-10T18:50:00,2015-08-22T11:00:00,CGMGI-01SUMO-00001,,CGINS-CTDMOQ-11478,59.9337,-39.47378,,350,2685,,,
KN221-04,,AT30-01,,GI01SUMO-RII11-02-CTDMOQ017,1,1,2014-09-10T18:50:00,2015-08-22T11:00:00,CGMGI-01SUMO-00001,,CGINS-CTDMOQ-08523,59.9337,-39.47378,,500,2685,,,
KN221-04,,AT30-01,,GI01SUMO-RII11-02-CTDMOQ031,1,1,2014-09-10T18:50:00,2015-08-22T11:00:00,CGMGI-01SUMO-00001,,CGINS-CTDMOQ-11476,59.9337,-39.47378,,40,2685,Expected only on 1,,
KN221-04,,AT30-01,,GI01SUMO-RII11-02-CTDMOQ033,1,1,2014-09-10T18:50:00,2015-08-22T11:00:00,CGMGI-01SUMO-00001,,CGINS-CTDMOQ-11481,59.9337,-39.47378,,130,2685,Expected only on 1,,
KN221-04,,AT30-01,,GI01SUMO-RII11-02-CTDMOR018,1,1,2014-09-10T18:50:00,2015-08-22T11:00:00,CGMGI-01SUMO-00001,,CGINS-CTDMOR-11484,59.9337,-39.47378,,750,2685,,,
KN221-04,,AT30-01,,GI01SUMO-RII11-02-CTDMOR019,1,1,2014-09-10T18:50:00,2015-08-22T11:00:00,CGMGI-01SUMO-00001,,CGINS-CTDMOR-11485,59.9337,-39.47378,,1000,2685,,,
KN221-04,,AT30-01,,GI01SUMO-RII11-02-CTDMOR020,1,1,2014-09-10T18:50:00,2015-08-22T11:00:00,CGMGI-01SUMO-00001,,CGINS-CTDMOR-11483,59.9337,-39.47378,,1500,2685,,,
KN221-04,,AT30-01,,GI01SUMO-RII11-02-PHSENE041,1,1,2014-09-10T18:50:00,2015-08-22T11:00:00,CGMGI-01SUMO-00001,,CGINS-PHSENE-P0071,59.9337,-39.47378,,20,2685,,,
KN221-04,,AT30-01,,GI01SUMO-RII11-02-PHSENE042,1,1,2014-09-10T18:50:00,2015-08-22T11:00:00,CGMGI-01SUMO-00001,,CGINS-PHSENE-P0101,59.9337,-39.47378,,100,2685,,,
KN221-04,,AT30-01,,GI01SUMO-SBC11-00-CPMENG000,1,1,2014-09-10T18:50:00,2015-08-22T11:00:00,CGMGI-01SUMO-00001,,CGCON-BCPM01-99999,59.9337,-39.47378,,0,2685,,,
KN221-04,,AT30-01,,GI01SUMO-SBD11-00-DCLENG000,1,1,2014-09-10T18:50:00,2015-08-22T11:00:00,CGMGI-01SUMO-00001,,CGCON-BDCL11-99999,59.9337,-39.47378,,0,2685,,,
KN221-04,,AT30-01,,GI01SUMO-SBD11-01-MOPAK0000,1,1,2014-09-10T18:50:00,2015-08-22T11:00:00,CGMGI-01SUMO-00001,,CGINS-MOPAK0-99999,59.9337,-39.47378,,0,2685,,,
KN221-04,,AT30-01,,GI01SUMO-SBD11-03-HYDGN0000,1,1,2014-09-10T18:50:00,2015-08-22T11:00:00,CGMGI-01SUMO-00001,,CGINS-HYDGN0-99999,59.9337,-39.47378,,0,2685,,,
KN221-04,,AT30-01,,GI01SUMO-SBD11-04-DOSTAD000,1,1,2014-09-10T18:50:00,2015-08-22T11:00:00,CGMGI-01SUMO-00001,,CGINS-DOSTAD-00211,59.9337,-39.47378,,1,2685,,,
KN221-04,,AT30-01,,GI01SUMO-SBD11-05-SPKIRB000,1,1,2014-09-10T18:50:00,2015-08-22T11:00:00,CGMGI-01SUMO-00001,,CGINS-SPKIRB-00239,59.9337,-39.47378,,-6,2685,,,
KN221-04,,AT30-01,,GI01SUMO-SBD11-06-METBKA000,1,1,2014-09-10T18:50:00,2015-08-22T11:00:00,CGMGI-01SUMO-00001,,CGINS-METLGR-00004,59.9337,-39.47378,,0,2685,,,
KN221-04,,AT30-01,,GI01SUMO-SBD11-08-NUTNRB000,1,1,2014-09-10T18:50:00,2015-08-22T11:00:00,CGMGI-01SUMO-00001,,CGINS-NUTNRB-00239,59.9337,-39.47378,,1,2685,,,
KN221-04,,AT30-01,,GI01SUMO-SBD12-00-DCLENG000,1,1,2014-09-10T18:50:00,2015-08-22T11:00:00,CGMGI-01SUMO-00001,,CGCON-BDCL12-99999,59.9337,-39.47378,,0,2685,,,
KN221-04,,AT30-01,,GI01SUMO-SBD12-01-OPTAAD000,1,1,2014-09-10T18:50:00,2015-08-22T11:00:00,CGMGI-01SUMO-00001,,CGINS-OPTAAD-00153,59.9337,-39.47378,,1,2685,,,
KN221-04,,AT30-01,,GI01SUMO-SBD12-02-FLORTD000,1,1,2014-09-10T18:50:00,2015-08-22T11:00:00,CGMGI-01SUMO-00001,,CGINS-FLORTD-01102,59.9337,-39.47378,,1,2685,,,
KN221-04,,AT30-01,,GI01SUMO-SBD12-03-HYDGN0000,1,1,2014-09-10T18:50:00,2015-08-22T11:00:00,CGMGI-01SUMO-00001,,CGINS-HYDGN0-99999,59.9337,-39.47378,,0,2685,,,
KN221-04,,AT30-01,,GI01SUMO-SBD12-04-PCO2AA000,1,1,2014-09-10T18:50:00,2015-08-22T11:00:00,CGMGI-01SUMO-00001,,CGINS-PCO2AA-33177,59.9337,-39.47378,,0,2685,,,
KN221-04,,AT30-01,,GI01SUMO-SBD12-05-WAVSSA000,1,1,2014-09-10T18:50:00,2015-08-22T11:00:00,CGMGI-01SUMO-00001,,CGINS-WAVSSA-05311,59.9337,-39.47378,,0,2685,,,
KN221-04,,AT30-01,,GI01SUMO-SBD12-06-METBKA000,1,1,2014-09-10T18:50:00,2015-08-22T11:00:00,CGMGI-01SUMO-00001,,CGINS-METLGR-00005,59.9337,-39.47378,,0,2685,,,
KN221-04,,AT30-01,,GI01SUMO-SBD12-08-FDCHPA000,1,1,2014-09-10T18:50:00,2015-08-22T11:00:00,CGMGI-01SUMO-00001,,CGINS-FDCHPA-41004,59.9337,-39.47378,,-6,2685,,,
AT30-01,,AR7-01,,GI01SUMO-RID16-00-DCLENG000,2,1,2015-08-15T19:22:00,2016-07-19T10:09:00,CGMGI-01SUMO-00002,,CGCON-NDCL16-00019,59.94358,-39.57372,,12,2668,,,
AT30-01,,AR7-01,,GI01SUMO-RID16-01-OPTAAD000,2,1,2015-08-15T19:22:00,2016-07-19T10:09:00,CGMGI-01SUMO-00002,,CGINS-OPTAAD-00222,59.94358,-39.57372,,12,2668,,,
AT30-01,,AR7-01,,GI01SUMO-RID16-02-FLORTD000,2,1,2015-08-15T19:22:00,2016-07-19T10:09:00,CGMGI-01SUMO-00002,,CGINS-FLORTD-01295,59.94358,-39.57372,,12,2668,,,
AT30-01,,AR7-01,,GI01SUMO-RID16-03-CTDBPF000,2,1,2015-08-15T19:22:00,2016-07-19T10:09:00,CGMGI-01SUMO-00002,,CGINS-CTDBPF-50061,59.94358,-39.57372,,12,2668,,,
AT30-01,,AR7-01,,GI01SUMO-RID16-04-VELPTA000,2,1,2015-08-15T19:22:00,2016-07-19T10:09:00,CGMGI-01SUMO-00002,,CGINS-VELPTA-12198,59.94358,-39.57372,,12,2668,,,
AT30-01,,AR7-01,,GI01SUMO-RID16-05-PCO2WB000,2,1,2015-08-15T19:22:00,2016-07-19T10:09:00,CGMGI-01SUMO-00002,,CGINS-PCO2WB-C0100,59.94358,-39.57372,,12,2668,,,
AT30-01,,AR7-01,,GI01SUMO-RID16-06-DOSTAD000,2,1,2015-08-15T19:22:00,2016-07-19T10:09:00,CGMGI-01SUMO-00002,,CGINS-DOSTAD-00457,59.94358,-39.57372,,12,2668,,,
AT30-01,,AR7-01,,GI01SUMO-RID16-07-NUTNRB000,2,1,2015-08-15T19:22:00,2016-07-19T10:09:00,CGMGI-01SUMO-00002,,CGINS-NUTNRB-00271,59.94358,-39.57372,,12,2668,,,
AT30-01,,AR7-01,,GI01SUMO-RID16-08-SPKIRB000,2,1,2015-08-15T19:22:00,2016-07-19T10:09:00,CGMGI-01SUMO-00002,,CGINS-SPKIRB-00275,59.94358,-39.57372,,12,2668,,,
AT30-01,,AR7-01,,GI01SUMO-RII11-02-ADCPSN010,2,1,2015-08-15T19:22:00,2016-07-19T10:09:00,CGMGI-01SUMO-00002,,CGINS-ADCPSN-22865,59.94358,-39.57372,,500,2668,,,
AT30-01,,AR7-01,,GI01SUMO-RII11-02-CTDBPP031,2,1,2015-08-15T19:22:00,2016-07-19T10:09:00,CGMGI-01SUMO-00002,,CGINS-CTDBPP-50059,59.94358,-39.57372,,40,2668,,,
AT30-01,,AR7-01,,GI01SUMO-RII11-02-CTDBPP032,2,1,2015-08-15T19:22:00,2016-07-19T10:09:00,CGMGI-01SUMO-00002,,CGINS-CTDBPP-50073,59.94358,-39.57372,,80,2668,,,
AT30-01,,AR7-01,,GI01SUMO-RII11-02-CTDBPP033,2,1,2015-08-15T19:22:00,2016-07-19T10:09:00,CGMGI-01SUMO-00002,,CGINS-CTDBPP-50072,59.94358,-39.57372,,130,2668,,,
AT30-01,,AR7-01,,GI01SUMO-RII11-02-CTDMOQ011,2,1,2015-08-15T19:22:00,2016-07-19T10:09:00,CGMGI-01SUMO-00002,,CGINS-CTDMOQ-12934,59.94358,-39.57372,,20,2668,,,
AT30-01,,AR7-01,,GI01SUMO-RII11-02-CTDMOQ012,2,1,2015-08-15T19:22:00,2016-07-19T10:09:00,CGMGI-01SUMO-00002,,CGINS-CTDMOQ-12935,59.94358,-39.57372,,60,2668,,,
AT30-01,,AR7-01,,GI01SUMO-RII11-02-CTDMOQ013,2,1,2015-08-15T19:22:00,2016-07-19T10:09:00,CGMGI-01SUMO-00002,,CGINS-CTDMOQ-12936,59.94358,-39.57372,,100,2668,,,
AT30-01,,AR7-01,,GI01SUMO-RII11-02-CTDMOQ014,2,1,2015-08-15T19:22:00,2016-07-19T10:09:00,CGMGI-01SUMO-00002,,CGINS-CTDMOQ-12937,59.94358,-39.57372,,180,2668,,,
AT30-01,,AR7-01,,GI01SUMO-RII11-02-CTDMOQ015,2,1,2015-08-15T19:22:00,2016-07-19T10:09:00,CGMGI-01SUMO-00002,,CGINS-CTDMOQ-12938,59.94358,-39.57372,,250,2668,,,
AT30-01,,AR7-01,,GI01SUMO-RII11-02-CTDMOQ016,2,1,2015-08-15T19:22:00,2016-07-19T10:09:00,CGMGI-01SUMO-00002,,CGINS-CTDMOQ-12939,59.94358,-39.57372,,350,2668,,,
AT30-01,,AR7-01,,GI01SUMO-RII11-02-CTDMOQ017,2,1,2015-08-15T19:22:00,2016-07-19T10:09:00,CGMGI-01SUMO-00002,,CGINS-CTDMOQ-12940,59.94358,-39.57372,,500,2668,,,
AT30-01,,AR7-01,,GI01SUMO-RII11-02-CTDMOR018,2,1,2015-08-15T19:22:00,2016-07-19T10:09:00,CGMGI-01SUMO-00002,,CGINS-CTDMOR-13375,59.94358,-39.57372,,750,2668,,,
AT30-01,,AR7-01,,GI01SUMO-RII11-02-CTDMOR019,2,1,2015-08-15T19:22:00,2016-07-19T10:09:00,CGMGI-01SUMO-00002,,CGINS-CTDMOR-13376,59.94358,-39.57372,,1000,2668,,,
AT30-01,,AR7-01,,GI01SUMO-RII11-02-CTDMOR020,2,1,2015-08-15T19:22:00,2016-07-19T10:09:00,CGMGI-01SUMO-00002,,CGINS-CTDMOR-13377,59.94358,-39.57372,,1500,2668,,,
AT30-01,,AR7-01,,GI01SUMO-RII11-02-DOSTAD031,2,1,2015-08-15T19:22:00,2016-07-19T10:09:00,CGMGI-01SUMO-00002,,CGINS-DOSTAD-00415,59.94358,-39.57372,,40,2668,,,
AT30-01,,AR7-01,,GI01SUMO-RII11-02-DOSTAD032,2,1,2015-08-15T19:22:00,2016-07-19T10:09:00,CGMGI-01SUMO-00002,,CGINS-DOSTAD-00422,59.94358,-39.57372,,80,2668,,,
AT30-01,,AR7-01,,GI01SUMO-RII11-02-DOSTAD033,2,1,2015-08-15T19:22:00,2016-07-19T10:09:00,CGMGI-01SUMO-00002,,CGINS-DOSTAD-00439,59.94358,-39.57372,,130,2668,,,
AT30-01,,AR7-01,,GI01SUMO-RII11-02-FLORDG031,2,1,2015-08-15T19:22:00,2016-07-19T10:09:00,CGMGI-01SUMO-00002,,CGINS-FLORDG-03286,59.94358,-39.57372,,40,2668,,,
AT30-01,,AR7-01,,GI01SUMO-RII11-02-FLORDG032,2,1,2015-08-15T19:22:00,2016-07-19T10:09:00,CGMGI-01SUMO-00002,,CGINS-FLORDG-03292,59.94358,-39.57372,,80,2668,,,
AT30-01,,AR7-01,,GI01SUMO-RII11-02-FLORDG033,2,1,2015-08-15T19:22:00,2016-07-19T10:09:00,CGMGI-01SUMO-00002,,CGINS-FLORDG-03304,59.94358,-39.57372,,130,2668,,,
AT30-01,,AR7-01,,GI01SUMO-RII11-02-PCO2WC051,2,1,2015-08-15T19:22:00,2016-07-19T10:09:00,CGMGI-01SUMO-00002,,CGINS-PCO2WC-C0107,59.94358,-39.57372,,40,2668,,,
AT30-01,,AR7-01,,GI01SUMO-RII11-02-PCO2WC052,2,1,2015-08-15T19:22:00,2016-07-19T10:09:00,CGMGI-01SUMO-00002,,CGINS-PCO2WC-C0110,59.94358,-39.57372,,80,2668,,,
AT30-01,,AR7-01,,GI01SUMO-RII11-02-PCO2WC053,2,1,2015-08-15T19:22:00,2016-07-19T10:09:00,CGMGI-01SUMO-00002,,CGINS-PCO2WC-C0120,59.94358,-39.57372,,130,2668,,,
AT30-01,,AR7-01,,GI01SUMO-RII11-02-PHSENE041,2,1,2015-08-15T19:22:00,2016-07-19T10:09:00,CGMGI-01SUMO-00002,,CGINS-PHSENE-P0138,59.94358,-39.57372,,20,2668,,,
AT30-01,,AR7-01,,GI01SUMO-RII11-02-PHSENE042,2,1,2015-08-15T19:22:00,2016-07-19T10:09:00,CGMGI-01SUMO-00002,,CGINS-PHSENE-P0139,59.94358,-39.57372,,100,2668,,,
AT30-01,,AR7-01,,GI01SUMO-SBC11-00-CPMENG000,2,1,2015-08-15T19:22:00,2016-07-19T10:09:00,CGMGI-01SUMO-00002,,CGCON-BCPM01-50001,59.94358,-39.57372,,0,2668,,,
AT30-01,,AR7-01,,GI01SUMO-SBD11-00-DCLENG000,2,1,2015-08-15T19:22:00,2016-07-19T10:09:00,CGMGI-01SUMO-00002,,CGCON-BDCL11-50001,59.94358,-39.57372,,0,2668,,,
AT30-01,,AR7-01,,GI01SUMO-SBD11-01-MOPAK0000,2,1,2015-08-15T19:22:00,2016-07-19T10:09:00,CGMGI-01SUMO-00002,,CGINS-MOPAK0-99999,59.94358,-39.57372,,0,2668,,,
AT30-01,,AR7-01,,GI01SUMO-SBD11-03-HYDGN0000,2,1,2015-08-15T19:22:00,2016-07-19T10:09:00,CGMGI-01SUMO-00002,,CGINS-HYDGN0-99999,59.94358,-39.57372,,0,2668,,,
AT30-01,,AR7-01,,GI01SUMO-SBD11-04-DOSTAD000,2,1,2015-08-15T19:22:00,2016-07-19T10:09:00,CGMGI-01SUMO-00002,,CGINS-DOSTAD-00456,59.94358,-39.57372,,1,2668,,,
AT30-01,,AR7-01,,GI01SUMO-SBD11-05-SPKIRB000,2,1,2015-08-15T19:22:00,2016-07-19T10:09:00,CGMGI-01SUMO-00002,,CGINS-SPKIRB-00288,59.94358,-39.57372,,-6,2668,,,
AT30-01,,AR7-01,,GI01SUMO-SBD11-06-METBKA000,2,1,2015-08-15T19:22:00,2016-07-19T10:09:00,CGMGI-01SUMO-00002,,CGINS-METLGR-00021,59.94358,-39.57372,,0,2668,,,
AT30-01,,AR7-01,,GI01SUMO-SBD11-08-NUTNRB000,2,1,2015-08-15T19:22:00,2016-07-19T10:09:00,CGMGI-01SUMO-00002,,CGINS-NUTNRB-00274,59.94358,-39.57372,,1,2668,,,
AT30-01,,AR7-01,,GI01SUMO-SBD12-00-DCLENG000,2,1,2015-08-15T19:22:00,2016-07-19T10:09:00,CGMGI-01SUMO-00002,,CGCON-BDCL12-50001,59.94358,-39.57372,,0,2668,,,
AT30-01,,AR7-01,,GI01SUMO-SBD12-01-OPTAAD000,2,1,2015-08-15T19:22:00,2016-07-19T10:09:00,CGMGI-01SUMO-00002,,CGINS-OPTAAD-00242,59.94358,-39.57372,,1,2668,,,
AT30-01,,AR7-01,,GI01SUMO-SBD12-02-FLORTD000,2,1,2015-08-15T19:22:00,2016-07-19T10:09:00,CGMGI-01SUMO-00002,,CGINS-FLORTD-01296,59.94358,-39.57372,,1,2668,,,
AT30-01,,AR7-01,,GI01SUMO-SBD12-03-HYDGN0000,2,1,2015-08-15T19:22:00,2016-07-19T10:09:00,CGMGI-01SUMO-00002,,CGINS-HYDGN0-99999,59.94358,-39.57372,,0,2668,,,
AT30-01,,AR7-01,,GI01SUMO-SBD12-04-PCO2AA000,2,1,2015-08-15T19:22:00,2016-07-19T10:09:00,CGMGI-01SUMO-00002,,CGINS-PCO2AA-34233,59.94358,-39.57372,,0,2668,,,
AT30-01,,AR7-01,,GI01SUMO-SBD12-05-WAVSSA000,2,1,2015-08-15T19:22:00,2016-07-19T10:09:00,CGMGI-01SUMO-00002,,CGINS-WAVSSA-05321,59.94358,-39.57372,,0,2668,,,
AT30-01,,AR7-01,,GI01SUMO-SBD12-06-METBKA000,2,1,2015-08-15T19:22:00,2016-07-19T10:09:00,CGMGI-01SUMO-00002,,CGINS-METLGR-00019,59.94358,-39.57372,,0,2668,,,
AT30-01,,AR7-01,,GI01SUMO-SBD12-08-FDCHPA000,2,1,2015-08-15T19:22:00,2016-07-19T10:09:00,CGMGI-01SUMO-00002,,CGINS-FDCHPA-44903,59.94358,-39.57372,,-6,2668,,,
AR7-01,,AR21,,GI01SUMO-RID16-00-DCLENG000,3,1,2016-07-10T17:44:00,2017-08-14T09:33:00,CGMGI-01SUMO-00003,,CGCON-NDCL16-00008,59.9341,-39.4673,,12,2691,,,
AR7-01,,AR21,,GI01SUMO-RID16-01-OPTAAD000,3,1,2016-07-10T17:44:00,2017-08-14T09:33:00,CGMGI-01SUMO-00003,,CGINS-OPTAAD-00240,59.9341,-39.4673,,12,2691,,,
AR7-01,,AR21,,GI01SUMO-RID16-02-FLORTD000,3,1,2016-07-10T17:44:00,2017-08-14T09:33:00,CGMGI-01SUMO-00003,,CGINS-FLORTD-01106,59.9341,-39.4673,,12,2691,,,
AR7-01,,AR21,,GI01SUMO-RID16-03-CTDBPF000,3,1,2016-07-10T17:44:00,2017-08-14T09:33:00,CGMGI-01SUMO-00003,,CGINS-CTDBPF-50001,59.9341,-39.4673,,12,2691,,,
AR7-01,,AR21,,GI01SUMO-RID16-04-VELPTA000,3,1,2016-07-10T17:44:00,2017-08-14T09:33:00,CGMGI-01SUMO-00003,,CGINS-VELPTA-08544,59.9341,-39.4673,,12,2691,,,
AR7-01,,AR21,,GI01SUMO-RID16-05-PCO2WB000,3,1,2016-07-10T17:44:00,2017-08-14T09:33:00,CGMGI-01SUMO-00003,,CGINS-PCO2WB-C0099,59.9341,-39.4673,,12,2691,,,
AR7-01,,AR21,,GI01SUMO-RID16-06-DOSTAD000,3,1,2016-07-10T17:44:00,2017-08-14T09:33:00,CGMGI-01SUMO-00003,,CGINS-DOSTAD-00212,59.9341,-39.4673,,12,2691,,,
AR7-01,,AR21,,GI01SUMO-RID16-07-NUTNRB000,3,1,2016-07-10T17:44:00,2017-08-14T09:33:00,CGMGI-01SUMO-00003,,CGINS-NUTNRB-00270,59.9341,-39.4673,,12,2691,,,
AR7-01,,AR21,,GI01SUMO-RID16-08-SPKIRB000,3,1,2016-07-10T17:44:00,2017-08-14T09:33:00,CGMGI-01SUMO-00003,,CGINS-SPKIRB-00240,59.9341,-39.4673,,12,2691,,,
AR7-01,,AR21,,GI01SUMO-RII11-02-ADCPSN010,3,1,2016-07-10T17:44:00,2017-08-14T09:33:00,CGMGI-01SUMO-00003,,CGINS-ADCPSN-21654,59.9341,-39.4673,,500,2691,,,
AR7-01,,AR21,,GI01SUMO-RII11-02-CTDBPP031,3,1,2016-07-10T17:44:00,2017-08-14T09:33:00,CGMGI-01SUMO-00003,,CGINS-CTDBPP-50126,59.9341,-39.4673,,40,2691,,,
AR7-01,,AR21,,GI01SUMO-RII11-02-CTDBPP032,3,1,2016-07-10T17:44:00,2017-08-14T09:33:00,CGMGI-01SUMO-00003,,CGINS-CTDBPP-50137,59.9341,-39.4673,,80,2691,,,
AR7-01,,AR21,,GI01SUMO-RII11-02-CTDBPP033,3,1,2016-07-10T17:44:00,2017-08-14T09:33:00,CGMGI-01SUMO-00003,,CGINS-CTDBPP-50138,59.9341,-39.4673,,130,2691,,,
AR7-01,,AR21,,GI01SUMO-RII11-02-CTDMOQ011,3,1,2016-07-10T17:44:00,2017-08-14T09:33:00,CGMGI-01SUMO-00003,,CGINS-CTDMOQ-11476,59.9341,-39.4673,,20,2691,,,
AR7-01,,AR21,,GI01SUMO-RII11-02-CTDMOQ012,3,1,2016-07-10T17:44:00,2017-08-14T09:33:00,CGMGI-01SUMO-00003,,CGINS-CTDMOQ-11477,59.9341,-39.4673,,60,2691,,,
AR7-01,,AR21,,GI01SUMO-RII11-02-CTDMOQ013,3,1,2016-07-10T17:44:00,2017-08-14T09:33:00,CGMGI-01SUMO-00003,,CGINS-CTDMOQ-11478,59.9341,-39.4673,,100,2691,,,
AR7-01,,AR21,,GI01SUMO-RII11-02-CTDMOQ014,3,1,2016-07-10T17:44:00,2017-08-14T09:33:00,CGMGI-01SUMO-00003,,CGINS-CTDMOQ-11479,59.9341,-39.4673,,180,2691,,,
AR7-01,,AR21,,GI01SUMO-RII11-02-CTDMOQ015,3,1,2016-07-10T17:44:00,2017-08-14T09:33:00,CGMGI-01SUMO-00003,,CGINS-CTDMOQ-11480,59.9341,-39.4673,,250,2691,,,
AR7-01,,AR21,,GI01SUMO-RII11-02-CTDMOQ016,3,1,2016-07-10T17:44:00,2017-08-14T09:33:00,CGMGI-01SUMO-00003,,CGINS-CTDMOQ-11481,59.9341,-39.4673,,350,2691,,,
AR7-01,,AR21,,GI01SUMO-RII11-02-CTDMOQ017,3,1,2016-07-10T17:44:00,2017-08-14T09:33:00,CGMGI-01SUMO-00003,,CGINS-CTDMOQ-11482,59.9341,-39.4673,,500,2691,,,
AR7-01,,AR21,,GI01SUMO-RII11-02-CTDMOR018,3,1,2016-07-10T17:44:00,2017-08-14T09:33:00,CGMGI-01SUMO-00003,,CGINS-CTDMOR-11483,59.9341,-39.4673,,750,2691,,,
AR7-01,,AR21,,GI01SUMO-RII11-02-CTDMOR019,3,1,2016-07-10T17:44:00,2017-08-14T09:33:00,CGMGI-01SUMO-00003,,CGINS-CTDMOR-11484,59.9341,-39.4673,,1000,2691,,,
AR7-01,,AR21,,GI01SUMO-RII11-02-CTDMOR020,3,1,2016-07-10T17:44:00,2017-08-14T09:33:00,CGMGI-01SUMO-00003,,CGINS-CTDMOR-11485,59.9341,-39.4673,,1500,2691,,,
AR7-01,,AR21,,GI01SUMO-RII11-02-DOSTAD031,3,1,2016-07-10T17:44:00,2017-08-14T09:33:00,CGMGI-01SUMO-00003,,CGINS-DOSTAD-00224,59.9341,-39.4673,,40,2691,,,
AR7-01,,AR21,,GI01SUMO-RII11-02-DOSTAD032,3,1,2016-07-10T17:44:00,2017-08-14T09:33:00,CGMGI-01SUMO-00003,,CGINS-DOSTAD-00225,59.9341,-39.4673,,80,2691,,,
AR7-01,,AR21,,GI01SUMO-RII11-02-DOSTAD033,3,1,2016-07-10T17:44:00,2017-08-14T09:33:00,CGMGI-01SUMO-00003,,CGINS-DOSTAD-00228,59.9341,-39.4673,,130,2691,,,
AR7-01,,AR21,,GI01SUMO-RII11-02-FLORDG031,3,1,2016-07-10T17:44:00,2017-08-14T09:33:00,CGMGI-01SUMO-00003,,CGINS-FLORDG-03418,59.9341,-39.4673,,40,2691,,,
AR7-01,,AR21,,GI01SUMO-RII11-02-FLORDG032,3,1,2016-07-10T17:44:00,2017-08-14T09:33:00,CGMGI-01SUMO-00003,,CGINS-FLORDG-03969,59.9341,-39.4673,,80,2691,,,
AR7-01,,AR21,,GI01SUMO-RII11-02-FLORDG033,3,1,2016-07-10T17:44:00,2017-08-14T09:33:00,CGMGI-01SUMO-00003,,CGINS-FLORDG-03970,59.9341,-39.4673,,130,2691,,,
AR7-01,,AR21,,GI01SUMO-RII11-02-PCO2WC051,3,1,2016-07-10T17:44:00,2017-08-14T09:33:00,CGMGI-01SUMO-00003,,CGINS-PCO2WC-C0136,59.9341,-39.4673,,40,2691,,,
AR7-01,,AR21,,GI01SUMO-RII11-02-PCO2WC052,3,1,2016-07-10T17:44:00,2017-08-14T09:33:00,CGMGI-01SUMO-00003,,CGINS-PCO2WC-C0137,59.9341,-39.4673,,80,2691,,,
AR7-01,,AR21,,GI01SUMO-RII11-02-PCO2WC053,3,1,2016-07-10T17:44:00,2017-08-14T09:33:00,CGMGI-01SUMO-00003,,CGINS-PCO2WC-C0138,59.9341,-39.4673,,130,2691,,,
AR7-01,,UNRECOVERED,,GI01SUMO-RII11-02-PHSENE041,3,1,2016-07-10T17:44:00,2017-08-14T09:33:00,CGMGI-01SUMO-00003,,CGINS-PHSENE-P0071,59.9341,-39.4673,,20,2691,Not recovered on AR21 - missing from wire rope,,
AR7-01,,AR21,,GI01SUMO-RII11-02-PHSENE042,3,1,2016-07-10T17:44:00,2017-08-14T09:33:00,CGMGI-01SUMO-00003,,CGINS-PHSENE-P0101,59.9341,-39.4673,,100,2691,,,
AR7-01,,AR21,,GI01SUMO-SBC11-00-CPMENG000,3,1,2016-07-10T17:44:00,2017-08-14T09:33:00,CGMGI-01SUMO-00003,,CGCON-BCPM01-60002,59.9341,-39.4673,,0,2691,,,
AR7-01,,AR21,,GI01SUMO-SBD11-00-DCLENG000,3,1,2016-07-10T17:44:00,2017-08-14T09:33:00,CGMGI-01SUMO-00003,,CGCON-BDCL11-60002,59.9341,-39.4673,,0,2691,,,
AR7-01,,AR21,,GI01SUMO-SBD11-01-MOPAK0000,3,1,2016-07-10T17:44:00,2017-08-14T09:33:00,CGMGI-01SUMO-00003,,CGINS-MOPAK0-11847,59.9341,-39.4673,,0,2691,,,
AR7-01,,AR21,,GI01SUMO-SBD11-03-HYDGN0000,3,1,2016-07-10T17:44:00,2017-08-14T09:33:00,CGMGI-01SUMO-00003,,CGINS-HYDGN0-31585,59.9341,-39.4673,,0,2691,,,
AR7-01,,AR21,,GI01SUMO-SBD11-04-DOSTAD000,3,1,2016-07-10T17:44:00,2017-08-14T09:33:00,CGMGI-01SUMO-00003,,CGINS-DOSTAD-00211,59.9341,-39.4673,,1,2691,,,
AR7-01,,AR21,,GI01SUMO-SBD11-05-SPKIRB000,3,1,2016-07-10T17:44:00,2017-08-14T09:33:00,CGMGI-01SUMO-00003,,CGINS-SPKIRB-00239,59.9341,-39.4673,,-6,2691,,,
AR7-01,,AR21,,GI01SUMO-SBD11-06-METBKA000,3,1,2016-07-10T17:44:00,2017-08-14T09:33:00,CGMGI-01SUMO-00003,,CGINS-METLGR-00004,59.9341,-39.4673,,0,2691,,,
#AR7-01,,AR21,,GI01SUMO-SBD11-08-NUTNRB000,3,1,2016-07-10T17:44:00,2017-08-14T09:33:00,CGMGI-01SUMO-00003,,CGINS-NUTNRB-00273,59.9341,-39.4673,,1,2691,Instrument removed prior to mooring deployment,,
AR7-01,,AR21,,GI01SUMO-SBD12-00-DCLENG000,3,1,2016-07-10T17:44:00,2017-08-14T09:33:00,CGMGI-01SUMO-00003,,CGCON-BDCL12-60002,59.9341,-39.4673,,0,2691,,,
AR7-01,,AR21,,GI01SUMO-SBD12-01-OPTAAD000,3,1,2016-07-10T17:44:00,2017-08-14T09:33:00,CGMGI-01SUMO-00003,,CGINS-OPTAAD-00159,59.9341,-39.4673,,1,2691,,,
AR7-01,,AR21,,GI01SUMO-SBD12-02-FLORTD000,3,1,2016-07-10T17:44:00,2017-08-14T09:33:00,CGMGI-01SUMO-00003,,CGINS-FLORTD-00994,59.9341,-39.4673,,1,2691,,,
AR7-01,,AR21,,GI01SUMO-SBD12-03-HYDGN0000,3,1,2016-07-10T17:44:00,2017-08-14T09:33:00,CGMGI-01SUMO-00003,,CGINS-HYDGN0-49887,59.9341,-39.4673,,0,2691,,,
AR7-01,,AR21,,GI01SUMO-SBD12-04-PCO2AA000,3,1,2016-07-10T17:44:00,2017-08-14T09:33:00,CGMGI-01SUMO-00003,,CGINS-PCO2AA-34229,59.9341,-39.4673,,0,2691,,,
AR7-01,,AR21,,GI01SUMO-SBD12-05-WAVSSA000,3,1,2016-07-10T17:44:00,2017-08-14T09:33:00,CGMGI-01SUMO-00003,,CGINS-WAVSSA-05791,59.9341,-39.4673,,0,2691,,,
AR7-01,,AR21,,GI01SUMO-SBD12-06-METBKA000,3,1,2016-07-10T17:44:00,2017-08-14T09:33:00,CGMGI-01SUMO-00003,,CGINS-METLGR-00005,59.9341,-39.4673,,0,2691,,,
AR7-01,,AR21,,GI01SUMO-SBD12-08-FDCHPA000,3,1,2016-07-10T17:44:00,2017-08-14T09:33:00,CGMGI-01SUMO-00003,,CGINS-FDCHPA-33908,59.9341,-39.4673,,-6,2691,,,
AR21,,AR30-03,,GI01SUMO-RID16-00-DCLENG000,4,1,2017-08-05T18:17:00,2017-10-12T09:07:00,CGMGI-01SUMO-00004,,CGCON-NDCL16-00033,59.9449,-39.5751,,12,2659,,,
AR21,,AR30-03,,GI01SUMO-RID16-01-OPTAAD000,4,1,2017-08-05T18:17:00,2017-10-12T09:07:00,CGMGI-01SUMO-00004,,CGINS-OPTAAD-00189,59.9449,-39.5751,,12,2659,,,
AR21,,AR30-03,,GI01SUMO-RID16-02-FLORTD000,4,1,2017-08-05T18:17:00,2017-10-12T09:07:00,CGMGI-01SUMO-00004,,CGINS-FLORTD-01296,59.9449,-39.5751,,12,2659,,,
AR21,,AR30-03,,GI01SUMO-RID16-03-CTDBPF000,4,1,2017-08-05T18:17:00,2017-10-12T09:07:00,CGMGI-01SUMO-00004,,CGINS-CTDBPF-50142,59.9449,-39.5751,,12,2659,,,
AR21,,AR30-03,,GI01SUMO-RID16-04-VELPTA000,4,1,2017-08-05T18:17:00,2017-10-12T09:07:00,CGMGI-01SUMO-00004,,CGINS-VELPTA-12231,59.9449,-39.5751,,12,2659,,,
AR21,,AR30-03,,GI01SUMO-RID16-05-PCO2WB000,4,1,2017-08-05T18:17:00,2017-10-12T09:07:00,CGMGI-01SUMO-00004,,CGINS-PCO2WB-C0113,59.9449,-39.5751,,12,2659,,,
AR21,,AR30-03,,GI01SUMO-RID16-06-DOSTAD000,4,1,2017-08-05T18:17:00,2017-10-12T09:07:00,CGMGI-01SUMO-00004,,CGINS-DOSTAD-00497,59.9449,-39.5751,,12,2659,,,
AR21,,AR30-03,,GI01SUMO-RID16-07-NUTNRB000,4,1,2017-08-05T18:17:00,2017-10-12T09:07:00,CGMGI-01SUMO-00004,,CGINS-NUTNRB-00274,59.9449,-39.5751,,12,2659,,,
AR21,,AR30-03,,GI01SUMO-RID16-08-SPKIRB000,4,1,2017-08-05T18:17:00,2017-10-12T09:07:00,CGMGI-01SUMO-00004,,CGINS-SPKIRB-00288,59.9449,-39.5751,,12,2659,,,
AR21,,AR30-03,,GI01SUMO-RII11-02-ADCPSN010,4,1,2017-08-05T18:17:00,2017-10-12T09:07:00,CGMGI-01SUMO-00004,,CGINS-ADCPSN-23579,59.9449,-39.5751,,500,2659,,,
AR21,,AR30-03,,GI01SUMO-RII11-02-CTDBPP031,4,1,2017-08-05T18:17:00,2017-10-12T09:07:00,CGMGI-01SUMO-00004,,CGINS-CTDBPP-50069,59.9449,-39.5751,,40,2659,,,
AR21,,AR30-03,,GI01SUMO-RII11-02-CTDBPP032,4,1,2017-08-05T18:17:00,2017-10-12T09:07:00,CGMGI-01SUMO-00004,,CGINS-CTDBPP-50074,59.9449,-39.5751,,80,2659,,,
AR21,,AR30-03,,GI01SUMO-RII11-02-CTDBPP033,4,1,2017-08-05T18:17:00,2017-10-12T09:07:00,CGMGI-01SUMO-00004,,CGINS-CTDBPP-50198,59.9449,-39.5751,,130,2659,,,
AR21,,AR30-03,,GI01SUMO-RII11-02-CTDMOQ011,4,1,2017-08-05T18:17:00,2017-10-12T09:07:00,CGMGI-01SUMO-00004,,CGINS-CTDMOQ-12590,59.9449,-39.5751,,20,2659,,,
AR21,,AR30-03,,GI01SUMO-RII11-02-CTDMOQ012,4,1,2017-08-05T18:17:00,2017-10-12T09:07:00,CGMGI-01SUMO-00004,,CGINS-CTDMOQ-13555,59.9449,-39.5751,,60,2659,,,
AR21,,AR30-03,,GI01SUMO-RII11-02-CTDMOQ013,4,1,2017-08-05T18:17:00,2017-10-12T09:07:00,CGMGI-01SUMO-00004,,CGINS-CTDMOQ-12935,59.9449,-39.5751,,100,2659,,,
AR21,,AR30-03,,GI01SUMO-RII11-02-CTDMOQ014,4,1,2017-08-05T18:17:00,2017-10-12T09:07:00,CGMGI-01SUMO-00004,,CGINS-CTDMOQ-12936,59.9449,-39.5751,,180,2659,,,
AR21,,AR30-03,,GI01SUMO-RII11-02-CTDMOQ015,4,1,2017-08-05T18:17:00,2017-10-12T09:07:00,CGMGI-01SUMO-00004,,CGINS-CTDMOQ-12937,59.9449,-39.5751,,250,2659,,,
AR21,,AR30-03,,GI01SUMO-RII11-02-CTDMOQ016,4,1,2017-08-05T18:17:00,2017-10-12T09:07:00,CGMGI-01SUMO-00004,,CGINS-CTDMOQ-12938,59.9449,-39.5751,,350,2659,,,
AR21,,AR30-03,,GI01SUMO-RII11-02-CTDMOQ017,4,1,2017-08-05T18:17:00,2017-10-12T09:07:00,CGMGI-01SUMO-00004,,CGINS-CTDMOQ-12939,59.9449,-39.5751,,500,2659,,,
AR21,,AR30-03,,GI01SUMO-RII11-02-CTDMOR018,4,1,2017-08-05T18:17:00,2017-10-12T09:07:00,CGMGI-01SUMO-00004,,CGINS-CTDMOR-13376,59.9449,-39.5751,,750,2659,,,
AR21,,AR30-03,,GI01SUMO-RII11-02-CTDMOR019,4,1,2017-08-05T18:17:00,2017-10-12T09:07:00,CGMGI-01SUMO-00004,,CGINS-CTDMOR-13377,59.9449,-39.5751,,1000,2659,,,
AR21,,AR30-03,,GI01SUMO-RII11-02-CTDMOR020,4,1,2017-08-05T18:17:00,2017-10-12T09:07:00,CGMGI-01SUMO-00004,,CGINS-CTDMOR-11486,59.9449,-39.5751,,1500,2659,,,
AR21,,AR30-03,,GI01SUMO-RII11-02-DOSTAD031,4,1,2017-08-05T18:17:00,2017-10-12T09:07:00,CGMGI-01SUMO-00004,,CGINS-DOSTAD-00498,59.9449,-39.5751,,40,2659,,,
AR21,,AR30-03,,GI01SUMO-RII11-02-DOSTAD032,4,1,2017-08-05T18:17:00,2017-10-12T09:07:00,CGMGI-01SUMO-00004,,CGINS-DOSTAD-00502,59.9449,-39.5751,,80,2659,,,
AR21,,AR30-03,,GI01SUMO-RII11-02-DOSTAD033,4,1,2017-08-05T18:17:00,2017-10-12T09:07:00,CGMGI-01SUMO-00004,,CGINS-DOSTAD-00519,59.9449,-39.5751,,130,2659,,,
AR21,,AR30-03,,GI01SUMO-RII11-02-FLORDG031,4,1,2017-08-05T18:17:00,2017-10-12T09:07:00,CGMGI-01SUMO-00004,,CGINS-FLORDG-03417,59.9449,-39.5751,,40,2659,,,
AR21,,AR30-03,,GI01SUMO-RII11-02-FLORDG032,4,1,2017-08-05T18:17:00,2017-10-12T09:07:00,CGMGI-01SUMO-00004,,CGINS-FLORDG-03967,59.9449,-39.5751,,80,2659,,,
AR21,,AR30-03,,GI01SUMO-RII11-02-FLORDG033,4,1,2017-08-05T18:17:00,2017-10-12T09:07:00,CGMGI-01SUMO-00004,,CGINS-FLORDG-03968,59.9449,-39.5751,,130,2659,,,
AR21,,AR30-03,,GI01SUMO-RII11-02-PCO2WC051,4,1,2017-08-05T18:17:00,2017-10-12T09:07:00,CGMGI-01SUMO-00004,,CGINS-PCO2WC-C0128,59.9449,-39.5751,,40,2659,,,
AR21,,AR30-03,,GI01SUMO-RII11-02-PCO2WC052,4,1,2017-08-05T18:17:00,2017-10-12T09:07:00,CGMGI-01SUMO-00004,,CGINS-PCO2WC-C0129,59.9449,-39.5751,,80,2659,,,
AR21,,AR30-03,,GI01SUMO-RII11-02-PCO2WC053,4,1,2017-08-05T18:17:00,2017-10-12T09:07:00,CGMGI-01SUMO-00004,,CGINS-PCO2WC-C0130,59.9449,-39.5751,,130,2659,,,
AR21,,AR30-03,,GI01SUMO-RII11-02-PHSENE041,4,1,2017-08-05T18:17:00,2017-10-12T09:07:00,CGMGI-01SUMO-00004,,CGINS-PHSENE-P0070,59.9449,-39.5751,,20,2659,,,
AR21,,AR30-03,,GI01SUMO-RII11-02-PHSENE042,4,1,2017-08-05T18:17:00,2017-10-12T09:07:00,CGMGI-01SUMO-00004,,CGINS-PHSENE-P0146,59.9449,-39.5751,,100,2659,,,
AR21,,UNRECOVERED,,GI01SUMO-SBC11-00-CPMENG000,4,1,2017-08-05T18:17:00,2017-10-12T09:07:00,CGMGI-01SUMO-00004,,CGCON-BCPM01-70009,59.9449,-39.5751,,0,2659,buoy disappeared 10/12/17 - not recovered,,
AR21,,UNRECOVERED,,GI01SUMO-SBD11-00-DCLENG000,4,1,2017-08-05T18:17:00,2017-10-12T09:07:00,CGMGI-01SUMO-00004,,CGCON-BDCL11-70009,59.9449,-39.5751,,0,2659,buoy disappeared 10/12/17 - not recovered,,
AR21,,UNRECOVERED,,GI01SUMO-SBD11-01-MOPAK0000,4,1,2017-08-05T18:17:00,2017-10-12T09:07:00,CGMGI-01SUMO-00004,,CGINS-MOPAK0-11351,59.9449,-39.5751,,0,2659,buoy disappeared 10/12/17 - not recovered,,
AR21,,UNRECOVERED,,GI01SUMO-SBD11-03-HYDGN0000,4,1,2017-08-05T18:17:00,2017-10-12T09:07:00,CGMGI-01SUMO-00004,,CGINS-HYDGN0-42324,59.9449,-39.5751,,0,2659,buoy disappeared 10/12/17 - not recovered,,
AR21,,UNRECOVERED,,GI01SUMO-SBD11-04-DOSTAD000,4,1,2017-08-05T18:17:00,2017-10-12T09:07:00,CGMGI-01SUMO-00004,,CGINS-DOSTAD-00495,59.9449,-39.5751,,1,2659,buoy disappeared 10/12/17 - not recovered,,
AR21,,UNRECOVERED,,GI01SUMO-SBD11-05-SPKIRB000,4,1,2017-08-05T18:17:00,2017-10-12T09:07:00,CGMGI-01SUMO-00004,,CGINS-SPKIRB-00301,59.9449,-39.5751,,-6,2659,buoy disappeared 10/12/17 - not recovered,,
AR21,,UNRECOVERED,,GI01SUMO-SBD11-06-METBKA000,4,1,2017-08-05T18:17:00,2017-10-12T09:07:00,CGMGI-01SUMO-00004,,CGINS-METLGR-00019,59.9449,-39.5751,,0,2659,buoy disappeared 10/12/17 - not recovered,,
AR21,,UNRECOVERED,,GI01SUMO-SBD11-08-NUTNRB000,4,1,2017-08-05T18:17:00,2017-10-12T09:07:00,CGMGI-01SUMO-00004,,CGINS-NUTNRB-00271,59.9449,-39.5751,,1,2659,buoy disappeared 10/12/17 - not recovered,,
AR21,,UNRECOVERED,,GI01SUMO-SBD12-00-DCLENG000,4,1,2017-08-05T18:17:00,2017-10-12T09:07:00,CGMGI-01SUMO-00004,,CGCON-BDCL12-70009,59.9449,-39.5751,,0,2659,buoy disappeared 10/12/17 - not recovered,,
AR21,,UNRECOVERED,,GI01SUMO-SBD12-01-OPTAAD000,4,1,2017-08-05T18:17:00,2017-10-12T09:07:00,CGMGI-01SUMO-00004,,CGINS-OPTAAD-00165,59.9449,-39.5751,,1,2659,buoy disappeared 10/12/17 - not recovered,,
AR21,,UNRECOVERED,,GI01SUMO-SBD12-02-FLORTD000,4,1,2017-08-05T18:17:00,2017-10-12T09:07:00,CGMGI-01SUMO-00004,,CGINS-FLORTD-01222,59.9449,-39.5751,,1,2659,buoy disappeared 10/12/17 - not recovered,,
AR21,,UNRECOVERED,,GI01SUMO-SBD12-03-HYDGN0000,4,1,2017-08-05T18:17:00,2017-10-12T09:07:00,CGMGI-01SUMO-00004,,CGINS-HYDGN0-42509,59.9449,-39.5751,,0,2659,buoy disappeared 10/12/17 - not recovered,,
AR21,,UNRECOVERED,,GI01SUMO-SBD12-04-PCO2AA000,4,1,2017-08-05T18:17:00,2017-10-12T09:07:00,CGMGI-01SUMO-00004,,CGINS-PCO2AA-35261,59.9449,-39.5751,,0,2659,buoy disappeared 10/12/17 - not recovered,,
AR21,,UNRECOVERED,,GI01SUMO-SBD12-05-WAVSSA000,4,1,2017-08-05T18:17:00,2017-10-12T09:07:00,CGMGI-01SUMO-00004,,CGINS-WAVSSA-06431,59.9449,-39.5751,,0,2659,buoy disappeared 10/12/17 - not recovered,,
AR21,,UNRECOVERED,,GI01SUMO-SBD12-06-METBKA000,4,1,2017-08-05T18:17:00,2017-10-12T09:07:00,CGMGI-01SUMO-00004,,CGINS-METLGR-00021,59.9449,-39.5751,,0,2659,buoy disappeared 10/12/17 - not recovered,,
AR21,,UNRECOVERED,,GI01SUMO-SBD12-08-FDCHPA000,4,1,2017-08-05T18:17:00,2017-10-12T09:07:00,CGMGI-01SUMO-00004,,CGINS-FDCHPA-64402,59.9449,-39.5751,,-6,2659,buoy disappeared 10/12/17 - not recovered,,
AR30-03,,AR35-05,,GI01SUMO-RID16-00-DCLENG000,5,1,2018-06-08T17:21:00,2019-08-09T08:04:00,CGMGI-01SUMO-00005,,CGCON-NDCL16-00030,59.93295,-39.46549,,12,2693,,,
AR30-03,,AR35-05,,GI01SUMO-RID16-01-OPTAAD000,5,1,2018-06-08T17:21:00,2019-08-09T08:04:00,CGMGI-01SUMO-00005,,CGINS-OPTAAD-00245,59.93295,-39.46549,,12,2693,,,
AR30-03,,AR35-05,,GI01SUMO-RID16-02-FLORTD000,5,1,2018-06-08T17:21:00,2019-08-09T08:04:00,CGMGI-01SUMO-00005,,CGINS-FLORTD-01324,59.93295,-39.46549,,12,2693,,,
AR30-03,,AR35-05,,GI01SUMO-RID16-03-CTDBPF000,5,1,2018-06-08T17:21:00,2019-08-09T08:04:00,CGMGI-01SUMO-00005,,CGINS-CTDBPF-50001,59.93295,-39.46549,,12,2693,,,
AR30-03,,AR35-05,,GI01SUMO-RID16-04-VELPTA000,5,1,2018-06-08T17:21:00,2019-08-09T08:04:00,CGMGI-01SUMO-00005,,CGINS-VELPTA-08532,59.93295,-39.46549,,12,2693,,,
AR30-03,,AR35-05,,GI01SUMO-RID16-05-PCO2WB000,5,1,2018-06-08T17:21:00,2019-08-09T08:04:00,CGMGI-01SUMO-00005,,CGINS-PCO2WB-C0051,59.93295,-39.46549,,12,2693,,,
AR30-03,,AR35-05,,GI01SUMO-RID16-06-DOSTAD000,5,1,2018-06-08T17:21:00,2019-08-09T08:04:00,CGMGI-01SUMO-00005,,CGINS-DOSTAD-00212,59.93295,-39.46549,,12,2693,,,
AR30-03,,AR35-05,,GI01SUMO-RID16-07-NUTNRB000,5,1,2018-06-08T17:21:00,2019-08-09T08:04:00,CGMGI-01SUMO-00005,,CGINS-NUTNRB-01087,59.93295,-39.46549,,12,2693,,,
AR30-03,,AR35-05,,GI01SUMO-RID16-08-SPKIRB000,5,1,2018-06-08T17:21:00,2019-08-09T08:04:00,CGMGI-01SUMO-00005,,CGINS-SPKIRB-00240,59.93295,-39.46549,,12,2693,,,
AR30-03,,AR35-05,,GI01SUMO-RII11-02-ADCPSN010,5,1,2018-06-08T17:21:00,2019-08-09T08:04:00,CGMGI-01SUMO-00005,,CGINS-ADCPSN-21654,59.93295,-39.46549,,500,2693,,,
AR30-03,,AR35-05,,GI01SUMO-RII11-02-CTDBPP031,5,1,2018-06-08T17:21:00,2019-08-09T08:04:00,CGMGI-01SUMO-00005,,CGINS-CTDBPP-50075,59.93295,-39.46549,,40,2693,,,
AR30-03,,AR35-05,,GI01SUMO-RII11-02-CTDBPP032,5,1,2018-06-08T17:21:00,2019-08-09T08:04:00,CGMGI-01SUMO-00005,,CGINS-CTDBPP-50076,59.93295,-39.46549,,80,2693,,,
AR30-03,,AR35-05,,GI01SUMO-RII11-02-CTDBPP033,5,1,2018-06-08T17:21:00,2019-08-09T08:04:00,CGMGI-01SUMO-00005,,CGINS-CTDBPP-50077,59.93295,-39.46549,,130,2693,,,
AR30-03,,AR35-05,,GI01SUMO-RII11-02-CTDMOQ011,5,1,2018-06-08T17:21:00,2019-08-09T08:04:00,CGMGI-01SUMO-00005,,CGINS-CTDMOQ-11476,59.93295,-39.46549,,20,2693,,,
AR30-03,,AR35-05,,GI01SUMO-RII11-02-CTDMOQ012,5,1,2018-06-08T17:21:00,2019-08-09T08:04:00,CGMGI-01SUMO-00005,,CGINS-CTDMOQ-11477,59.93295,-39.46549,,60,2693,,,
AR30-03,,AR35-05,,GI01SUMO-RII11-02-CTDMOQ013,5,1,2018-06-08T17:21:00,2019-08-09T08:04:00,CGMGI-01SUMO-00005,,CGINS-CTDMOQ-11478,59.93295,-39.46549,,100,2693,,,
AR30-03,,AR35-05,,GI01SUMO-RII11-02-CTDMOQ014,5,1,2018-06-08T17:21:00,2019-08-09T08:04:00,CGMGI-01SUMO-00005,,CGINS-CTDMOQ-11479,59.93295,-39.46549,,180,2693,,,
AR30-03,,AR35-05,,GI01SUMO-RII11-02-CTDMOQ015,5,1,2018-06-08T17:21:00,2019-08-09T08:04:00,CGMGI-01SUMO-00005,,CGINS-CTDMOQ-11480,59.93295,-39.46549,,250,2693,,,
AR30-03,,AR35-05,,GI01SUMO-RII11-02-CTDMOQ016,5,1,2018-06-08T17:21:00,2019-08-09T08:04:00,CGMGI-01SUMO-00005,,CGINS-CTDMOQ-11481,59.93295,-39.46549,,350,2693,,,
AR30-03,,AR35-05,,GI01SUMO-RII11-02-CTDMOQ017,5,1,2018-06-08T17:21:00,2019-08-09T08:04:00,CGMGI-01SUMO-00005,,CGINS-CTDMOQ-11482,59.93295,-39.46549,,500,2693,,,
AR30-03,,AR35-05,,GI01SUMO-RII11-02-CTDMOR018,5,1,2018-06-08T17:21:00,2019-08-09T08:04:00,CGMGI-01SUMO-00005,,CGINS-CTDMOR-11483,59.93295,-39.46549,,750,2693,,,
AR30-03,,AR35-05,,GI01SUMO-RII11-02-CTDMOR019,5,1,2018-06-08T17:21:00,2019-08-09T08:04:00,CGMGI-01SUMO-00005,,CGINS-CTDMOR-11484,59.93295,-39.46549,,1000,2693,,,
AR30-03,,AR35-05,,GI01SUMO-RII11-02-CTDMOR020,5,1,2018-06-08T17:21:00,2019-08-09T08:04:00,CGMGI-01SUMO-00005,,CGINS-CTDMOR-11485,59.93295,-39.46549,,1500,2693,,,
AR30-03,,AR35-05,,GI01SUMO-RII11-02-DOSTAD031,5,1,2018-06-08T17:21:00,2019-08-09T08:04:00,CGMGI-01SUMO-00005,,CGINS-DOSTAD-00516,59.93295,-39.46549,,40,2693,,,
AR30-03,,AR35-05,,GI01SUMO-RII11-02-DOSTAD032,5,1,2018-06-08T17:21:00,2019-08-09T08:04:00,CGMGI-01SUMO-00005,,CGINS-DOSTAD-00517,59.93295,-39.46549,,80,2693,,,
AR30-03,,AR35-05,,GI01SUMO-RII11-02-DOSTAD033,5,1,2018-06-08T17:21:00,2019-08-09T08:04:00,CGMGI-01SUMO-00005,,CGINS-DOSTAD-00518,59.93295,-39.46549,,130,2693,,,
AR30-03,,AR35-05,,GI01SUMO-RII11-02-FLORDG031,5,1,2018-06-08T17:21:00,2019-08-09T08:04:00,CGMGI-01SUMO-00005,,CGINS-FLORDG-03286,59.93295,-39.46549,,40,2693,,,
AR30-03,,AR35-05,,GI01SUMO-RII11-02-FLORDG032,5,1,2018-06-08T17:21:00,2019-08-09T08:04:00,CGMGI-01SUMO-00005,,CGINS-FLORDG-03292,59.93295,-39.46549,,80,2693,,,
AR30-03,,AR35-05,,GI01SUMO-RII11-02-FLORDG033,5,1,2018-06-08T17:21:00,2019-08-09T08:04:00,CGMGI-01SUMO-00005,,CGINS-FLORDG-03304,59.93295,-39.46549,,130,2693,,,
AR30-03,,AR35-05,,GI01SUMO-RII11-02-PCO2WC051,5,1,2018-06-08T17:21:00,2019-08-09T08:04:00,CGMGI-01SUMO-00005,,CGINS-PCO2WC-C0107,59.93295,-39.46549,,40,2693,,,
AR30-03,,AR35-05,,GI01SUMO-RII11-02-PCO2WC052,5,1,2018-06-08T17:21:00,2019-08-09T08:04:00,CGMGI-01SUMO-00005,,CGINS-PCO2WC-C0108,59.93295,-39.46549,,80,2693,,,
AR30-03,,AR35-05,,GI01SUMO-RII11-02-PCO2WC053,5,1,2018-06-08T17:21:00,2019-08-09T08:04:00,CGMGI-01SUMO-00005,,CGINS-PCO2WC-C0109,59.93295,-39.46549,,130,2693,,,
AR30-03,,AR35-05,,GI01SUMO-RII11-02-PHSENE041,5,1,2018-06-08T17:21:00,2019-08-09T08:04:00,CGMGI-01SUMO-00005,,CGINS-PHSENE-P0177,59.93295,-39.46549,,20,2693,,,
AR30-03,,AR35-05,,GI01SUMO-RII11-02-PHSENE042,5,1,2018-06-08T17:21:00,2019-08-09T08:04:00,CGMGI-01SUMO-00005,,CGINS-PHSENE-P0172,59.93295,-39.46549,,100,2693,,,
AR30-03,,AR35-05,,GI01SUMO-SBC11-00-CPMENG000,5,1,2018-06-08T17:21:00,2019-08-09T08:04:00,CGMGI-01SUMO-00005,,CGCON-BCPM01-50003,59.93295,-39.46549,,0,2693,,,
AR30-03,,AR35-05,,GI01SUMO-SBD11-00-DCLENG000,5,1,2018-06-08T17:21:00,2019-08-09T08:04:00,CGMGI-01SUMO-00005,,CGCON-BDCL11-50003,59.93295,-39.46549,,0,2693,,,
AR30-03,,AR35-05,,GI01SUMO-SBD11-01-MOPAK0000,5,1,2018-06-08T17:21:00,2019-08-09T08:04:00,CGMGI-01SUMO-00005,,CGINS-MOPAK0-43258,59.93295,-39.46549,,0,2693,,,
AR30-03,,AR35-05,,GI01SUMO-SBD11-03-HYDGN0000,5,1,2018-06-08T17:21:00,2019-08-09T08:04:00,CGMGI-01SUMO-00005,,CGINS-HYDGN0-42356,59.93295,-39.46549,,0,2693,,,
AR30-03,,AR35-05,,GI01SUMO-SBD11-04-DOSTAD000,5,1,2018-06-08T17:21:00,2019-08-09T08:04:00,CGMGI-01SUMO-00005,,CGINS-DOSTAD-00211,59.93295,-39.46549,,1,2693,,,
AR30-03,,AR35-05,,GI01SUMO-SBD11-05-SPKIRB000,5,1,2018-06-08T17:21:00,2019-08-09T08:04:00,CGMGI-01SUMO-00005,,CGINS-SPKIRB-00239,59.93295,-39.46549,,-6,2693,,,
AR30-03,,AR35-05,,GI01SUMO-SBD11-06-METBKA000,5,1,2018-06-08T17:21:00,2019-08-09T08:04:00,CGMGI-01SUMO-00005,,CGINS-METLGR-00013,59.93295,-39.46549,,0,2693,,,
AR30-03,,AR35-05,,GI01SUMO-SBD11-08-NUTNRB000,5,1,2018-06-08T17:21:00,2019-08-09T08:04:00,CGMGI-01SUMO-00005,,CGINS-NUTNRB-01086,59.93295,-39.46549,,1,2693,,,
AR30-03,,AR35-05,,GI01SUMO-SBD12-00-DCLENG000,5,1,2018-06-08T17:21:00,2019-08-09T08:04:00,CGMGI-01SUMO-00005,,CGCON-BDCL12-50003,59.93295,-39.46549,,0,2693,,,
AR30-03,,AR35-05,,GI01SUMO-SBD12-01-OPTAAD000,5,1,2018-06-08T17:21:00,2019-08-09T08:04:00,CGMGI-01SUMO-00005,,CGINS-OPTAAD-00241,59.93295,-39.46549,,1,2693,,,
AR30-03,,AR35-05,,GI01SUMO-SBD12-02-FLORTD000,5,1,2018-06-08T17:21:00,2019-08-09T08:04:00,CGMGI-01SUMO-00005,,CGINS-FLORTD-01323,59.93295,-39.46549,,1,2693,,,
AR30-03,,AR35-05,,GI01SUMO-SBD12-03-HYDGN0000,5,1,2018-06-08T17:21:00,2019-08-09T08:04:00,CGMGI-01SUMO-00005,,CGINS-HYDGN0-42529,59.93295,-39.46549,,0,2693,,,
AR30-03,,AR35-05,,GI01SUMO-SBD12-04-PCO2AA000,5,1,2018-06-08T17:21:00,2019-08-09T08:04:00,CGMGI-01SUMO-00005,,CGINS-PCO2AA-34223,59.93295,-39.46549,,0,2693,,,
AR30-03,,AR35-05,,GI01SUMO-SBD12-05-WAVSSA000,5,1,2018-06-08T17:21:00,2019-08-09T08:04:00,CGMGI-01SUMO-00005,,CGINS-WAVSSA-05311,59.93295,-39.46549,,0,2693,,,
AR30-03,,AR35-05,,GI01SUMO-SBD12-06-METBKA000,5,1,2018-06-08T17:21:00,2019-08-09T08:04:00,CGMGI-01SUMO-00005,,CGINS-METLGR-00015,59.93295,-39.46549,,0,2693,,,
AR30-03,,AR35-05,,GI01SUMO-SBD12-08-FDCHPA000,5,1,2018-06-08T17:21:00,2019-08-09T08:04:00,CGMGI-01SUMO-00005,,CGINS-FDCHPA-71403,59.93295,-39.46549,,-6,2693,,,
AR35-05,,AR46,,GI01SUMO-RID16-00-DCLENG000,6,1,2019-08-05T15:29:00,2020-08-26T10:41:00,CGMGI-01SUMO-00006,,CGCON-NDCL16-00033,59.945118,-39.57401,,12,2664,,,
AR35-05,,AR46,,GI01SUMO-RID16-01-OPTAAD000,6,1,2019-08-05T15:29:00,2020-08-26T10:41:00,CGMGI-01SUMO-00006,,CGINS-OPTAAD-00242,59.945118,-39.57401,,12,2664,,,
AR35-05,,AR46,,GI01SUMO-RID16-02-FLORTD000,6,1,2019-08-05T15:29:00,2020-08-26T10:41:00,CGMGI-01SUMO-00006,,CGINS-FLORTD-01213,59.945118,-39.57401,,12,2664,,,
AR35-05,,AR46,,GI01SUMO-RID16-03-CTDBPF000,6,1,2019-08-05T15:29:00,2020-08-26T10:41:00,CGMGI-01SUMO-00006,,CGINS-CTDBPF-50143,59.945118,-39.57401,,12,2664,,,
AR35-05,,AR46,,GI01SUMO-RID16-04-VELPTA000,6,1,2019-08-05T15:29:00,2020-08-26T10:41:00,CGMGI-01SUMO-00006,,CGINS-VELPTA-12230,59.945118,-39.57401,,12,2664,,,
AR35-05,,AR46,,GI01SUMO-RID16-05-PCO2WB000,6,1,2019-08-05T15:29:00,2020-08-26T10:41:00,CGMGI-01SUMO-00006,,CGINS-PCO2WB-C0071,59.945118,-39.57401,,12,2664,,,
AR35-05,,AR46,,GI01SUMO-RID16-06-DOSTAD000,6,1,2019-08-05T15:29:00,2020-08-26T10:41:00,CGMGI-01SUMO-00006,,CGINS-DOSTAD-00129,59.945118,-39.57401,,12,2664,,,
AR35-05,,AR46,,GI01SUMO-RID16-07-NUTNRB000,6,1,2019-08-05T15:29:00,2020-08-26T10:41:00,CGMGI-01SUMO-00006,,CGINS-NUTNRB-01093,59.945118,-39.57401,,12,2664,,,
AR35-05,,AR46,,GI01SUMO-RID16-08-SPKIRB000,6,1,2019-08-05T15:29:00,2020-08-26T10:41:00,CGMGI-01SUMO-00006,,CGINS-SPKIRB-00275,59.945118,-39.57401,,12,2664,,,
AR35-05,,AR46,,GI01SUMO-RII11-02-ADCPSN010,6,1,2019-08-05T15:29:00,2020-08-26T10:41:00,CGMGI-01SUMO-00006,,CGINS-ADCPSN-23579,59.945118,-39.57401,,500,2664,,,
AR35-05,,AR46,,GI01SUMO-RII11-02-CTDBPP031,6,1,2019-08-05T15:29:00,2020-08-26T10:41:00,CGMGI-01SUMO-00006,,CGINS-CTDBPP-50124,59.945118,-39.57401,,40,2664,,,
AR35-05,,AR46,,GI01SUMO-RII11-02-CTDBPP032,6,1,2019-08-05T15:29:00,2020-08-26T10:41:00,CGMGI-01SUMO-00006,,CGINS-CTDBPP-50125,59.945118,-39.57401,,80,2664,,,
AR35-05,,AR46,,GI01SUMO-RII11-02-CTDBPP033,6,1,2019-08-05T15:29:00,2020-08-26T10:41:00,CGMGI-01SUMO-00006,,CGINS-CTDBPP-50126,59.945118,-39.57401,,130,2664,,,
AR35-05,,AR46,,GI01SUMO-RII11-02-CTDMOQ011,6,1,2019-08-05T15:29:00,2020-08-26T10:41:00,CGMGI-01SUMO-00006,,CGINS-CTDMOQ-12305,59.945118,-39.57401,,20,2664,,,
AR35-05,,AR46,,GI01SUMO-RII11-02-CTDMOQ012,6,1,2019-08-05T15:29:00,2020-08-26T10:41:00,CGMGI-01SUMO-00006,,CGINS-CTDMOQ-12306,59.945118,-39.57401,,60,2664,,,
AR35-05,,AR46,,GI01SUMO-RII11-02-CTDMOQ013,6,1,2019-08-05T15:29:00,2020-08-26T10:41:00,CGMGI-01SUMO-00006,,CGINS-CTDMOQ-12307,59.945118,-39.57401,,100,2664,,,
AR35-05,,AR46,,GI01SUMO-RII11-02-CTDMOQ014,6,1,2019-08-05T15:29:00,2020-08-26T10:41:00,CGMGI-01SUMO-00006,,CGINS-CTDMOQ-12607,59.945118,-39.57401,,180,2664,,,
AR35-05,,AR46,,GI01SUMO-RII11-02-CTDMOQ015,6,1,2019-08-05T15:29:00,2020-08-26T10:41:00,CGMGI-01SUMO-00006,,CGINS-CTDMOQ-13379,59.945118,-39.57401,,250,2664,,,
AR35-05,,AR46,,GI01SUMO-RII11-02-CTDMOQ016,6,1,2019-08-05T15:29:00,2020-08-26T10:41:00,CGMGI-01SUMO-00006,,CGINS-CTDMOQ-13380,59.945118,-39.57401,,350,2664,,,
AR35-05,,AR46,,GI01SUMO-RII11-02-CTDMOQ017,6,1,2019-08-05T15:29:00,2020-08-26T10:41:00,CGMGI-01SUMO-00006,,CGINS-CTDMOQ-13381,59.945118,-39.57401,,500,2664,,,
AR35-05,,AR46,,GI01SUMO-RII11-02-CTDMOR018,6,1,2019-08-05T15:29:00,2020-08-26T10:41:00,CGMGI-01SUMO-00006,,CGINS-CTDMOR-13375,59.945118,-39.57401,,750,2664,,,
AR35-05,,AR46,,GI01SUMO-RII11-02-CTDMOR019,6,1,2019-08-05T15:29:00,2020-08-26T10:41:00,CGMGI-01SUMO-00006,,CGINS-CTDMOR-13376,59.945118,-39.57401,,1000,2664,,,
AR35-05,,AR46,,GI01SUMO-RII11-02-CTDMOR020,6,1,2019-08-05T15:29:00,2020-08-26T10:41:00,CGMGI-01SUMO-00006,,CGINS-CTDMOR-13377,59.945118,-39.57401,,1500,2664,,,
AR35-05,,AR46,,GI01SUMO-RII11-02-DOSTAD031,6,1,2019-08-05T15:29:00,2020-08-26T10:41:00,CGMGI-01SUMO-00006,,CGINS-DOSTAD-00427,59.945118,-39.57401,,40,2664,,,
AR35-05,,AR46,,GI01SUMO-RII11-02-DOSTAD032,6,1,2019-08-05T15:29:00,2020-08-26T10:41:00,CGMGI-01SUMO-00006,,CGINS-DOSTAD-00461,59.945118,-39.57401,,80,2664,,,
AR35-05,,AR46,,GI01SUMO-RII11-02-DOSTAD033,6,1,2019-08-05T15:29:00,2020-08-26T10:41:00,CGMGI-01SUMO-00006,,CGINS-DOSTAD-00462,59.945118,-39.57401,,130,2664,,,
AR35-05,,AR46,,GI01SUMO-RII11-02-FLORDG031,6,1,2019-08-05T15:29:00,2020-08-26T10:41:00,CGMGI-01SUMO-00006,,CGINS-FLORDG-03418,59.945118,-39.57401,,40,2664,,,
AR35-05,,AR46,,GI01SUMO-RII11-02-FLORDG032,6,1,2019-08-05T15:29:00,2020-08-26T10:41:00,CGMGI-01SUMO-00006,,CGINS-FLORDG-03969,59.945118,-39.57401,,80,2664,,,
AR35-05,,AR46,,GI01SUMO-RII11-02-FLORDG033,6,1,2019-08-05T15:29:00,2020-08-26T10:41:00,CGMGI-01SUMO-00006,,CGINS-FLORDG-03970,59.945118,-39.57401,,130,2664,,,
AR35-05,,AR46,,GI01SUMO-RII11-02-PCO2WC051,6,1,2019-08-05T15:29:00,2020-08-26T10:41:00,CGMGI-01SUMO-00006,,CGINS-PCO2WC-C0105,59.945118,-39.57401,,40,2664,,,
AR35-05,,AR46,,GI01SUMO-RII11-02-PCO2WC052,6,1,2019-08-05T15:29:00,2020-08-26T10:41:00,CGMGI-01SUMO-00006,,CGINS-PCO2WC-C0121,59.945118,-39.57401,,80,2664,,,
AR35-05,,AR46,,GI01SUMO-RII11-02-PCO2WC053,6,1,2019-08-05T15:29:00,2020-08-26T10:41:00,CGMGI-01SUMO-00006,,CGINS-PCO2WC-C0122,59.945118,-39.57401,,130,2664,,,
AR35-05,,AR46,,GI01SUMO-RII11-02-PHSENE041,6,1,2019-08-05T15:29:00,2020-08-26T10:41:00,CGMGI-01SUMO-00006,,CGINS-PHSENE-P0138,59.945118,-39.57401,,20,2664,,,
AR35-05,,AR46,,GI01SUMO-RII11-02-PHSENE042,6,1,2019-08-05T15:29:00,2020-08-26T10:41:00,CGMGI-01SUMO-00006,,CGINS-PHSENE-P0139,59.945118,-39.57401,,100,2664,,,
AR35-05,,AR46,,GI01SUMO-SBC11-00-CPMENG000,6,1,2019-08-05T15:29:00,2020-08-26T10:41:00,CGMGI-01SUMO-00006,,CGCON-BCPM01-50009,59.945118,-39.57401,,0,2664,,,
AR35-05,,AR46,,GI01SUMO-SBD11-00-DCLENG000,6,1,2019-08-05T15:29:00,2020-08-26T10:41:00,CGMGI-01SUMO-00006,,CGCON-BDCL11-50009,59.945118,-39.57401,,0,2664,,,
AR35-05,,AR46,,GI01SUMO-SBD11-01-MOPAK0000,6,1,2019-08-05T15:29:00,2020-08-26T10:41:00,CGMGI-01SUMO-00006,,CGINS-MOPAK0-43264,59.945118,-39.57401,,0,2664,,,
AR35-05,,AR46,,GI01SUMO-SBD11-03-HYDGN0000,6,1,2019-08-05T15:29:00,2020-08-26T10:41:00,CGMGI-01SUMO-00006,,CGINS-HYDGN0-49891,59.945118,-39.57401,,0,2664,,,
AR35-05,,AR46,,GI01SUMO-SBD11-04-DOSTAD000,6,1,2019-08-05T15:29:00,2020-08-26T10:41:00,CGMGI-01SUMO-00006,,CGINS-DOSTAD-00127,59.945118,-39.57401,,1,2664,,,
AR35-05,,AR46,,GI01SUMO-SBD11-05-SPKIRB000,6,1,2019-08-05T15:29:00,2020-08-26T10:41:00,CGMGI-01SUMO-00006,,CGINS-SPKIRB-00238,59.945118,-39.57401,,-6,2664,,,
AR35-05,,AR46,,GI01SUMO-SBD11-06-METBKA000,6,1,2019-08-05T15:29:00,2020-08-26T10:41:00,CGMGI-01SUMO-00006,,CGINS-METLGR-00027,59.945118,-39.57401,,0,2664,,,
AR35-05,,AR46,,GI01SUMO-SBD11-08-NUTNRB000,6,1,2019-08-05T15:29:00,2020-08-26T10:41:00,CGMGI-01SUMO-00006,,CGINS-NUTNRB-01092,59.945118,-39.57401,,1,2664,,,
AR35-05,,AR46,,GI01SUMO-SBD12-00-DCLENG000,6,1,2019-08-05T15:29:00,2020-08-26T10:41:00,CGMGI-01SUMO-00006,,CGCON-BDCL12-50009,59.945118,-39.57401,,0,2664,,,
AR35-05,,AR46,,GI01SUMO-SBD12-01-OPTAAD000,6,1,2019-08-05T15:29:00,2020-08-26T10:41:00,CGMGI-01SUMO-00006,,CGINS-OPTAAD-00187,59.945118,-39.57401,,1,2664,,,
AR35-05,,AR46,,GI01SUMO-SBD12-02-FLORTD000,6,1,2019-08-05T15:29:00,2020-08-26T10:41:00,CGMGI-01SUMO-00006,,CGINS-FLORTD-01102,59.945118,-39.57401,,1,2664,,,
AR35-05,,AR46,,GI01SUMO-SBD12-03-HYDGN0000,6,1,2019-08-05T15:29:00,2020-08-26T10:41:00,CGMGI-01SUMO-00006,,CGINS-HYDGN0-49876,59.945118,-39.57401,,0,2664,,,
AR35-05,,AR46,,GI01SUMO-SBD12-04-PCO2AA000,6,1,2019-08-05T15:29:00,2020-08-26T10:41:00,CGMGI-01SUMO-00006,,CGINS-PCO2AA-35262,59.945118,-39.57401,,0,2664,,,
AR35-05,,AR46,,GI01SUMO-SBD12-05-WAVSSA000,6,1,2019-08-05T15:29:00,2020-08-26T10:41:00,CGMGI-01SUMO-00006,,CGINS-WAVSSA-06301,59.945118,-39.57401,,0,2664,,,
AR35-05,,AR46,,GI01SUMO-SBD12-06-METBKA000,6,1,2019-08-05T15:29:00,2020-08-26T10:41:00,CGMGI-01SUMO-00006,,CGINS-METLGR-00036,59.945118,-39.57401,,0,2664,,,
AR35-05,,AR46,,GI01SUMO-SBD12-08-FDCHPA000,6,1,2019-08-05T15:29:00,2020-08-26T10:41:00,CGMGI-01SUMO-00006,,CGINS-FDCHPA-64403,59.945118,-39.57401,,-6,2664,,,
AR46,,AR60-01,,GI01SUMO-RID16-00-DCLENG000,7,1,2020-08-17T17:34:00,2021-08-19T06:49:00,CGMGI-01SUMO-00007,,CGCON-NDCL16-00049,59.935683,-39.471917,,12,2695,,,
AR46,,AR60-01,,GI01SUMO-RID16-01-OPTAAD000,7,1,2020-08-17T17:34:00,2021-08-19T06:49:00,CGMGI-01SUMO-00007,,CGINS-OPTAAD-00257,59.935683,-39.471917,,12,2695,,,
AR46,,AR60-01,,GI01SUMO-RID16-02-FLORTD000,7,1,2020-08-17T17:34:00,2021-08-19T06:49:00,CGMGI-01SUMO-00007,,CGINS-FLORTD-01217,59.935683,-39.471917,,12,2695,,,
AR46,,AR60-01,,GI01SUMO-RID16-03-CTDBPF000,7,1,2020-08-17T17:34:00,2021-08-19T06:49:00,CGMGI-01SUMO-00007,,CGINS-CTDBPF-50142,59.935683,-39.471917,,12,2695,,,
AR46,,AR60-01,,GI01SUMO-RID16-04-VELPTA000,7,1,2020-08-17T17:34:00,2021-08-19T06:49:00,CGMGI-01SUMO-00007,,CGINS-VELPTA-11377,59.935683,-39.471917,,12,2695,,,
AR46,,AR60-01,,GI01SUMO-RID16-05-PCO2WB000,7,1,2020-08-17T17:34:00,2021-08-19T06:49:00,CGMGI-01SUMO-00007,,CGINS-PCO2WB-C0135,59.935683,-39.471917,,12,2695,,,
AR46,,AR60-01,,GI01SUMO-RID16-06-DOSTAD000,7,1,2020-08-17T17:34:00,2021-08-19T06:49:00,CGMGI-01SUMO-00007,,CGINS-DOSTAD-00212,59.935683,-39.471917,,12,2695,,,
AR46,,AR60-01,,GI01SUMO-RID16-07-NUTNRB000,7,1,2020-08-17T17:34:00,2021-08-19T06:49:00,CGMGI-01SUMO-00007,,CGINS-NUTNRB-01091,59.935683,-39.471917,,12,2695,,,
AR46,,AR60-01,,GI01SUMO-RID16-08-SPKIRB000,7,1,2020-08-17T17:34:00,2021-08-19T06:49:00,CGMGI-01SUMO-00007,,CGINS-SPKIRB-00239,59.935683,-39.471917,,12,2695,,,
AR46,,AR60-01,,GI01SUMO-RII11-02-ADCPSN010,7,1,2020-08-17T17:34:00,2021-08-19T06:49:00,CGMGI-01SUMO-00007,,CGINS-ADCPSN-22865,59.935683,-39.471917,,500,2695,,,
AR46,,AR60-01,,GI01SUMO-RII11-02-CTDBPP031,7,1,2020-08-17T17:34:00,2021-08-19T06:49:00,CGMGI-01SUMO-00007,,CGINS-CTDBPP-50156,59.935683,-39.471917,,40,2695,,,
AR46,,AR60-01,,GI01SUMO-RII11-02-CTDBPP032,7,1,2020-08-17T17:34:00,2021-08-19T06:49:00,CGMGI-01SUMO-00007,,CGINS-CTDBPP-50157,59.935683,-39.471917,,80,2695,,,
AR46,,AR60-01,,GI01SUMO-RII11-02-CTDBPP033,7,1,2020-08-17T17:34:00,2021-08-19T06:49:00,CGMGI-01SUMO-00007,,CGINS-CTDBPP-50158,59.935683,-39.471917,,130,2695,,,
AR46,,AR60-01,,GI01SUMO-RII11-02-CTDMOQ011,7,1,2020-08-17T17:34:00,2021-08-19T06:49:00,CGMGI-01SUMO-00007,,CGINS-CTDMOQ-12634,59.935683,-39.471917,,20,2695,,,
AR46,,AR60-01,,GI01SUMO-RII11-02-CTDMOQ012,7,1,2020-08-17T17:34:00,2021-08-19T06:49:00,CGMGI-01SUMO-00007,,CGINS-CTDMOQ-12934,59.935683,-39.471917,,60,2695,,,
AR46,,AR60-01,,GI01SUMO-RII11-02-CTDMOQ013,7,1,2020-08-17T17:34:00,2021-08-19T06:49:00,CGMGI-01SUMO-00007,,CGINS-CTDMOQ-12935,59.935683,-39.471917,,100,2695,,,
AR46,,AR60-01,,GI01SUMO-RII11-02-CTDMOQ014,7,1,2020-08-17T17:34:00,2021-08-19T06:49:00,CGMGI-01SUMO-00007,,CGINS-CTDMOQ-12936,59.935683,-39.471917,,180,2695,,,
AR46,,AR60-01,,GI01SUMO-RII11-02-CTDMOQ015,7,1,2020-08-17T17:34:00,2021-08-19T06:49:00,CGMGI-01SUMO-00007,,CGINS-CTDMOQ-12937,59.935683,-39.471917,,250,2695,,,
AR46,,AR60-01,,GI01SUMO-RII11-02-CTDMOQ016,7,1,2020-08-17T17:34:00,2021-08-19T06:49:00,CGMGI-01SUMO-00007,,CGINS-CTDMOQ-12938,59.935683,-39.471917,,350,2695,,,
AR46,,AR60-01,,GI01SUMO-RII11-02-CTDMOQ017,7,1,2020-08-17T17:34:00,2021-08-19T06:49:00,CGMGI-01SUMO-00007,,CGINS-CTDMOQ-12939,59.935683,-39.471917,,500,2695,,,
AR46,,AR60-01,,GI01SUMO-RII11-02-CTDMOR018,7,1,2020-08-17T17:34:00,2021-08-19T06:49:00,CGMGI-01SUMO-00007,,CGINS-CTDMOR-13628,59.935683,-39.471917,,750,2695,,,
AR46,,AR60-01,,GI01SUMO-RII11-02-CTDMOR019,7,1,2020-08-17T17:34:00,2021-08-19T06:49:00,CGMGI-01SUMO-00007,,CGINS-CTDMOR-13629,59.935683,-39.471917,,1000,2695,,,
AR46,,AR60-01,,GI01SUMO-RII11-02-CTDMOR020,7,1,2020-08-17T17:34:00,2021-08-19T06:49:00,CGMGI-01SUMO-00007,,CGINS-CTDMOR-13630,59.935683,-39.471917,,1500,2695,,,
AR46,,AR60-01,,GI01SUMO-RII11-02-DOSTAD031,7,1,2020-08-17T17:34:00,2021-08-19T06:49:00,CGMGI-01SUMO-00007,,CGINS-DOSTAD-00516,59.935683,-39.471917,,40,2695,,,
AR46,,AR60-01,,GI01SUMO-RII11-02-DOSTAD032,7,1,2020-08-17T17:34:00,2021-08-19T06:49:00,CGMGI-01SUMO-00007,,CGINS-DOSTAD-00517,59.935683,-39.471917,,80,2695,,,
AR46,,AR60-01,,GI01SUMO-RII11-02-DOSTAD033,7,1,2020-08-17T17:34:00,2021-08-19T06:49:00,CGMGI-01SUMO-00007,,CGINS-DOSTAD-00518,59.935683,-39.471917,,130,2695,,,
AR46,,AR60-01,,GI01SUMO-RII11-02-FLORDG031,7,1,2020-08-17T17:34:00,2021-08-19T06:49:00,CGMGI-01SUMO-00007,,CGINS-FLORDG-04032,59.935683,-39.471917,,40,2695,,,
AR46,,AR60-01,,GI01SUMO-RII11-02-FLORDG032,7,1,2020-08-17T17:34:00,2021-08-19T06:49:00,CGMGI-01SUMO-00007,,CGINS-FLORDG-04033,59.935683,-39.471917,,80,2695,,,
AR46,,AR60-01,,GI01SUMO-RII11-02-FLORDG033,7,1,2020-08-17T17:34:00,2021-08-19T06:49:00,CGMGI-01SUMO-00007,,CGINS-FLORDG-04034,59.935683,-39.471917,,130,2695,,,
AR46,,AR60-01,,GI01SUMO-RII11-02-PCO2WC051,7,1,2020-08-17T17:34:00,2021-08-19T06:49:00,CGMGI-01SUMO-00007,,CGINS-PCO2WC-C0103,59.935683,-39.471917,,40,2695,,,
AR46,,AR60-01,,GI01SUMO-RII11-02-PCO2WC052,7,1,2020-08-17T17:34:00,2021-08-19T06:49:00,CGMGI-01SUMO-00007,,CGINS-PCO2WC-C0104,59.935683,-39.471917,,80,2695,,,
AR46,,AR60-01,,GI01SUMO-RII11-02-PCO2WC053,7,1,2020-08-17T17:34:00,2021-08-19T06:49:00,CGMGI-01SUMO-00007,,CGINS-PCO2WC-C0106,59.935683,-39.471917,,130,2695,,,
AR46,,AR60-01,,GI01SUMO-RII11-02-PHSENE041,7,1,2020-08-17T17:34:00,2021-08-19T06:49:00,CGMGI-01SUMO-00007,,CGINS-PHSENE-P0171,59.935683,-39.471917,,20,2695,,,
AR46,,AR60-01,,GI01SUMO-RII11-02-PHSENE042,7,1,2020-08-17T17:34:00,2021-08-19T06:49:00,CGMGI-01SUMO-00007,,CGINS-PHSENE-P0176,59.935683,-39.471917,,100,2695,,,
AR46,,AR60-01,,GI01SUMO-SBC11-00-CPMENG000,7,1,2020-08-17T17:34:00,2021-08-19T06:49:00,CGMGI-01SUMO-00007,,CGCON-BCPM01-50010,59.935683,-39.471917,,0,2695,,,
AR46,,AR60-01,,GI01SUMO-SBD11-00-DCLENG000,7,1,2020-08-17T17:34:00,2021-08-19T06:49:00,CGMGI-01SUMO-00007,,CGCON-BDCL11-50010,59.935683,-39.471917,,0,2695,,,
AR46,,AR60-01,,GI01SUMO-SBD11-01-MOPAK0000,7,1,2020-08-17T17:34:00,2021-08-19T06:49:00,CGMGI-01SUMO-00007,,CGINS-MOPAK0-43258,59.935683,-39.471917,,0,2695,,,
AR46,,AR60-01,,GI01SUMO-SBD11-03-HYDGN0000,7,1,2020-08-17T17:34:00,2021-08-19T06:49:00,CGMGI-01SUMO-00007,,CGINS-HYDGN0-42529,59.935683,-39.471917,,0,2695,,,
AR46,,AR60-01,,GI01SUMO-SBD11-04-DOSTAD000,7,1,2020-08-17T17:34:00,2021-08-19T06:49:00,CGMGI-01SUMO-00007,,CGINS-DOSTAD-00211,59.935683,-39.471917,,1,2695,,,
AR46,,AR60-01,,GI01SUMO-SBD11-05-SPKIRB000,7,1,2020-08-17T17:34:00,2021-08-19T06:49:00,CGMGI-01SUMO-00007,,CGINS-SPKIRB-00229,59.935683,-39.471917,,-6,2695,,,
AR46,,AR60-01,,GI01SUMO-SBD11-06-METBKA000,7,1,2020-08-17T17:34:00,2021-08-19T06:49:00,CGMGI-01SUMO-00007,,CGINS-METLGR-00013,59.935683,-39.471917,,0,2695,,,
AR46,,AR60-01,,GI01SUMO-SBD11-08-NUTNRB000,7,1,2020-08-17T17:34:00,2021-08-19T06:49:00,CGMGI-01SUMO-00007,,CGINS-NUTNRB-01094,59.935683,-39.471917,,1,2695,,,
AR46,,AR60-01,,GI01SUMO-SBD12-00-DCLENG000,7,1,2020-08-17T17:34:00,2021-08-19T06:49:00,CGMGI-01SUMO-00007,,CGCON-BDCL12-50010,59.935683,-39.471917,,0,2695,,,
AR46,,AR60-01,,GI01SUMO-SBD12-01-OPTAAD000,7,1,2020-08-17T17:34:00,2021-08-19T06:49:00,CGMGI-01SUMO-00007,,CGINS-OPTAAD-00209,59.935683,-39.471917,,1,2695,,,
AR46,,AR60-01,,GI01SUMO-SBD12-02-FLORTD000,7,1,2020-08-17T17:34:00,2021-08-19T06:49:00,CGMGI-01SUMO-00007,,CGINS-FLORTD-01218,59.935683,-39.471917,,1,2695,,,
AR46,,AR60-01,,GI01SUMO-SBD12-03-HYDGN0000,7,1,2020-08-17T17:34:00,2021-08-19T06:49:00,CGMGI-01SUMO-00007,,CGINS-HYDGN0-42356,59.935683,-39.471917,,0,2695,,,
AR46,,AR60-01,,GI01SUMO-SBD12-04-PCO2AA000,7,1,2020-08-17T17:34:00,2021-08-19T06:49:00,CGMGI-01SUMO-00007,,CGINS-PCO2AA-35263,59.935683,-39.471917,,0,2695,,,
AR46,,AR60-01,,GI01SUMO-SBD12-05-WAVSSA000,7,1,2020-08-17T17:34:00,2021-08-19T06:49:00,CGMGI-01SUMO-00007,,CGINS-WAVSSA-05981,59.935683,-39.471917,,0,2695,,,
AR46,,AR60-01,,GI01SUMO-SBD12-06-METBKA000,7,1,2020-08-17T17:34:00,2021-08-19T06:49:00,CGMGI-01SUMO-00007,,CGINS-METLGR-00015,59.935683,-39.471917,,0,2695,,,
AR46,,AR60-01,,GI01SUMO-SBD12-08-FDCHPA000,7,1,2020-08-17T17:34:00,2021-08-19T06:49:00,CGMGI-01SUMO-00007,,CGINS-FDCHPA-43401,59.935683,-39.471917,,-6,2695,,,
AR60-01,,AR69-01,,GI01SUMO-RID16-00-DCLENG000,8,1,2021-08-12T17:04:00,2022-07-06T08:32:00,CGMGI-01SUMO-00008,,CGCON-NDCL16-00033,59.946233,-39.57565,,12,2662,,,
AR60-01,,AR69-01,,GI01SUMO-RID16-01-OPTAAD000,8,1,2021-08-12T17:04:00,2022-07-06T08:32:00,CGMGI-01SUMO-00008,,CGINS-OPTAAD-00254,59.946233,-39.57565,,12,2662,,,
AR60-01,,AR69-01,,GI01SUMO-RID16-02-FLORTD000,8,1,2021-08-12T17:04:00,2022-07-06T08:32:00,CGMGI-01SUMO-00008,,CGINS-FLORTD-01213,59.946233,-39.57565,,12,2662,,,
AR60-01,,AR69-01,,GI01SUMO-RID16-03-CTDBPF000,8,1,2021-08-12T17:04:00,2022-07-06T08:32:00,CGMGI-01SUMO-00008,,CGINS-CTDBPF-50065,59.946233,-39.57565,,12,2662,,,
AR60-01,,AR69-01,,GI01SUMO-RID16-04-VELPTA000,8,1,2021-08-12T17:04:00,2022-07-06T08:32:00,CGMGI-01SUMO-00008,,CGINS-VELPTA-08544,59.946233,-39.57565,,12,2662,,,
AR60-01,,AR69-01,,GI01SUMO-RID16-05-PCO2WB000,8,1,2021-08-12T17:04:00,2022-07-06T08:32:00,CGMGI-01SUMO-00008,,CGINS-PCO2WB-C0097,59.946233,-39.57565,,12,2662,,,
AR60-01,,AR69-01,,GI01SUMO-RID16-06-DOSTAD000,8,1,2021-08-12T17:04:00,2022-07-06T08:32:00,CGMGI-01SUMO-00008,,CGINS-DOSTAD-00461,59.946233,-39.57565,,12,2662,,,
AR60-01,,AR69-01,,GI01SUMO-RID16-07-NUTNRB000,8,1,2021-08-12T17:04:00,2022-07-06T08:32:00,CGMGI-01SUMO-00008,,CGINS-NUTNRB-01093,59.946233,-39.57565,,12,2662,,,
AR60-01,,AR69-01,,GI01SUMO-RID16-08-SPKIRB000,8,1,2021-08-12T17:04:00,2022-07-06T08:32:00,CGMGI-01SUMO-00008,,CGINS-SPKIRB-00271,59.946233,-39.57565,,12,2662,,,
AR60-01,,AR69-01,,GI01SUMO-RII11-02-ADCPSN010,8,1,2021-08-12T17:04:00,2022-07-06T08:32:00,CGMGI-01SUMO-00008,,CGINS-ADCPSN-21654,59.946233,-39.57565,,500,2662,,,
AR60-01,,AR69-01,,GI01SUMO-RII11-02-CTDBPP031,8,1,2021-08-12T17:04:00,2022-07-06T08:32:00,CGMGI-01SUMO-00008,,CGINS-CTDBPP-50124,59.946233,-39.57565,,40,2662,,,
AR60-01,,AR69-01,,GI01SUMO-RII11-02-CTDBPP032,8,1,2021-08-12T17:04:00,2022-07-06T08:32:00,CGMGI-01SUMO-00008,,CGINS-CTDBPP-50125,59.946233,-39.57565,,80,2662,,,
AR60-01,,AR69-01,,GI01SUMO-RII11-02-CTDBPP033,8,1,2021-08-12T17:04:00,2022-07-06T08:32:00,CGMGI-01SUMO-00008,,CGINS-CTDBPP-50126,59.946233,-39.57565,,130,2662,,,
AR60-01,,AR69-01,,GI01SUMO-RII11-02-CTDMOQ011,8,1,2021-08-12T17:04:00,2022-07-06T08:32:00,CGMGI-01SUMO-00008,,CGINS-CTDMOQ-12305,59.946233,-39.57565,,20,2662,,,
AR60-01,,AR69-01,,GI01SUMO-RII11-02-CTDMOQ012,8,1,2021-08-12T17:04:00,2022-07-06T08:32:00,CGMGI-01SUMO-00008,,CGINS-CTDMOQ-12306,59.946233,-39.57565,,60,2662,,,
AR60-01,,AR69-01,,GI01SUMO-RII11-02-CTDMOQ013,8,1,2021-08-12T17:04:00,2022-07-06T08:32:00,CGMGI-01SUMO-00008,,CGINS-CTDMOQ-12307,59.946233,-39.57565,,100,2662,,,
AR60-01,,AR69-01,,GI01SUMO-RII11-02-CTDMOQ014,8,1,2021-08-12T17:04:00,2022-07-06T08:32:00,CGMGI-01SUMO-00008,,CGINS-CTDMOQ-12607,59.946233,-39.57565,,180,2662,,,
AR60-01,,AR69-01,,GI01SUMO-RII11-02-CTDMOQ015,8,1,2021-08-12T17:04:00,2022-07-06T08:32:00,CGMGI-01SUMO-00008,,CGINS-CTDMOQ-12635,59.946233,-39.57565,,250,2662,,,
AR60-01,,AR69-01,,GI01SUMO-RII11-02-CTDMOQ016,8,1,2021-08-12T17:04:00,2022-07-06T08:32:00,CGMGI-01SUMO-00008,,CGINS-CTDMOQ-13379,59.946233,-39.57565,,350,2662,,,
AR60-01,,AR69-01,,GI01SUMO-RII11-02-CTDMOQ017,8,1,2021-08-12T17:04:00,2022-07-06T08:32:00,CGMGI-01SUMO-00008,,CGINS-CTDMOQ-13380,59.946233,-39.57565,,500,2662,,,
AR60-01,,AR69-01,,GI01SUMO-RII11-02-CTDMOR018,8,1,2021-08-12T17:04:00,2022-07-06T08:32:00,CGMGI-01SUMO-00008,,CGINS-CTDMOR-13375,59.946233,-39.57565,,750,2662,,,
AR60-01,,AR69-01,,GI01SUMO-RII11-02-CTDMOR019,8,1,2021-08-12T17:04:00,2022-07-06T08:32:00,CGMGI-01SUMO-00008,,CGINS-CTDMOR-13376,59.946233,-39.57565,,1000,2662,,,
AR60-01,,AR69-01,,GI01SUMO-RII11-02-CTDMOR020,8,1,2021-08-12T17:04:00,2022-07-06T08:32:00,CGMGI-01SUMO-00008,,CGINS-CTDMOR-13377,59.946233,-39.57565,,1500,2662,,,
AR60-01,,AR69-01,,GI01SUMO-RII11-02-DOSTAD031,8,1,2021-08-12T17:04:00,2022-07-06T08:32:00,CGMGI-01SUMO-00008,,CGINS-DOSTAD-00462,59.946233,-39.57565,,40,2662,,,
AR60-01,,AR69-01,,GI01SUMO-RII11-02-DOSTAD032,8,1,2021-08-12T17:04:00,2022-07-06T08:32:00,CGMGI-01SUMO-00008,,CGINS-DOSTAD-00463,59.946233,-39.57565,,80,2662,,,
AR60-01,,AR69-01,,GI01SUMO-RII11-02-DOSTAD033,8,1,2021-08-12T17:04:00,2022-07-06T08:32:00,CGMGI-01SUMO-00008,,CGINS-DOSTAD-00465,59.946233,-39.57565,,130,2662,,,
AR60-01,,AR69-01,,GI01SUMO-RII11-02-FLORDG031,8,1,2021-08-12T17:04:00,2022-07-06T08:32:00,CGMGI-01SUMO-00008,,CGINS-FLORDG-03418,59.946233,-39.57565,,40,2662,,,
AR60-01,,AR69-01,,GI01SUMO-RII11-02-FLORDG032,8,1,2021-08-12T17:04:00,2022-07-06T08:32:00,CGMGI-01SUMO-00008,,CGINS-FLORDG-03969,59.946233,-39.57565,,80,2662,,,
AR60-01,,AR69-01,,GI01SUMO-RII11-02-FLORDG033,8,1,2021-08-12T17:04:00,2022-07-06T08:32:00,CGMGI-01SUMO-00008,,CGINS-FLORDG-03970,59.946233,-39.57565,,130,2662,,,
AR60-01,,AR69-01,,GI01SUMO-RII11-02-PCO2WC051,8,1,2021-08-12T17:04:00,2022-07-06T08:32:00,CGMGI-01SUMO-00008,,CGINS-PCO2WC-C0105,59.946233,-39.57565,,40,2662,,,
AR60-01,,AR69-01,,GI01SUMO-RII11-02-PCO2WC052,8,1,2021-08-12T17:04:00,2022-07-06T08:32:00,CGMGI-01SUMO-00008,,CGINS-PCO2WC-C0122,59.946233,-39.57565,,80,2662,,,
AR60-01,,AR69-01,,GI01SUMO-RII11-02-PCO2WC053,8,1,2021-08-12T17:04:00,2022-07-06T08:32:00,CGMGI-01SUMO-00008,,CGINS-PCO2WC-C0121,59.946233,-39.57565,,130,2662,,,
AR60-01,,AR69-01,,GI01SUMO-RII11-02-PHSENE041,8,1,2021-08-12T17:04:00,2022-07-06T08:32:00,CGMGI-01SUMO-00008,,CGINS-PHSENE-P0138,59.946233,-39.57565,,20,2662,,,
AR60-01,,AR69-01,,GI01SUMO-RII11-02-PHSENE042,8,1,2021-08-12T17:04:00,2022-07-06T08:32:00,CGMGI-01SUMO-00008,,CGINS-PHSENE-P0139,59.946233,-39.57565,,100,2662,,,
AR60-01,,AR69-01,,GI01SUMO-SBC11-00-CPMENG000,8,1,2021-08-12T17:04:00,2022-07-06T08:32:00,CGMGI-01SUMO-00008,,CGCON-BCPM01-50009,59.946233,-39.57565,,0,2662,,,
AR60-01,,AR69-01,,GI01SUMO-SBD11-00-DCLENG000,8,1,2021-08-12T17:04:00,2022-07-06T08:32:00,CGMGI-01SUMO-00008,,CGCON-BDCL11-50009,59.946233,-39.57565,,0,2662,,,
AR60-01,,AR69-01,,GI01SUMO-SBD11-01-MOPAK0000,8,1,2021-08-12T17:04:00,2022-07-06T08:32:00,CGMGI-01SUMO-00008,,CGINS-MOPAK0-43264,59.946233,-39.57565,,0,2662,,,
AR60-01,,AR69-01,,GI01SUMO-SBD11-03-HYDGN0000,8,1,2021-08-12T17:04:00,2022-07-06T08:32:00,CGMGI-01SUMO-00008,,CGINS-HYDGN0-49876,59.946233,-39.57565,,0,2662,,,
AR60-01,,AR69-01,,GI01SUMO-SBD11-04-DOSTAD000,8,1,2021-08-12T17:04:00,2022-07-06T08:32:00,CGMGI-01SUMO-00008,,CGINS-DOSTAD-00460,59.946233,-39.57565,,1,2662,,,
AR60-01,,AR69-01,,GI01SUMO-SBD11-05-SPKIRB000,8,1,2021-08-12T17:04:00,2022-07-06T08:32:00,CGMGI-01SUMO-00008,,CGINS-SPKIRB-00270,59.946233,-39.57565,,-6,2662,,,
AR60-01,,AR69-01,,GI01SUMO-SBD11-06-METBKA000,8,1,2021-08-12T17:04:00,2022-07-06T08:32:00,CGMGI-01SUMO-00008,,CGINS-METLGR-00034,59.946233,-39.57565,,0,2662,,,
AR60-01,,AR69-01,,GI01SUMO-SBD11-08-NUTNRB000,8,1,2021-08-12T17:04:00,2022-07-06T08:32:00,CGMGI-01SUMO-00008,,CGINS-NUTNRB-01092,59.946233,-39.57565,,1,2662,,,
AR60-01,,AR69-01,,GI01SUMO-SBD12-00-DCLENG000,8,1,2021-08-12T17:04:00,2022-07-06T08:32:00,CGMGI-01SUMO-00008,,CGCON-BDCL12-50009,59.946233,-39.57565,,0,2662,,,
AR60-01,,AR69-01,,GI01SUMO-SBD12-01-OPTAAD000,8,1,2021-08-12T17:04:00,2022-07-06T08:32:00,CGMGI-01SUMO-00008,,CGINS-OPTAAD-00205,59.946233,-39.57565,,1,2662,,,
AR60-01,,AR69-01,,GI01SUMO-SBD12-02-FLORTD000,8,1,2021-08-12T17:04:00,2022-07-06T08:32:00,CGMGI-01SUMO-00008,,CGINS-FLORTD-01116,59.946233,-39.57565,,1,2662,,,
AR60-01,,AR69-01,,GI01SUMO-SBD12-03-HYDGN0000,8,1,2021-08-12T17:04:00,2022-07-06T08:32:00,CGMGI-01SUMO-00008,,CGINS-HYDGN0-49891,59.946233,-39.57565,,0,2662,,,
AR60-01,,AR69-01,,GI01SUMO-SBD12-04-PCO2AA000,8,1,2021-08-12T17:04:00,2022-07-06T08:32:00,CGMGI-01SUMO-00008,,CGINS-PCO2AA-34232,59.946233,-39.57565,,0,2662,,,
AR60-01,,AR69-01,,GI01SUMO-SBD12-05-WAVSSA000,8,1,2021-08-12T17:04:00,2022-07-06T08:32:00,CGMGI-01SUMO-00008,,CGINS-WAVSSA-06421,59.946233,-39.57565,,0,2662,,,
AR60-01,,AR69-01,,GI01SUMO-SBD12-06-METBKA000,8,1,2021-08-12T17:04:00,2022-07-06T08:32:00,CGMGI-01SUMO-00008,,CGINS-METLGR-00036,59.946233,-39.57565,,0,2662,,,
AR60-01,,AR69-01,,GI01SUMO-SBD12-08-FDCHPA000,8,1,2021-08-12T17:04:00,2022-07-06T08:32:00,CGMGI-01SUMO-00008,,CGINS-FDCHPA-44904,59.946233,-39.57565,,-6,2662,,,
AR69-01,,,,GI01SUMO-RID16-00-DCLENG000,9,1,2022-06-30T15:54:00,,CGMGI-01SUMO-00009,,CGCON-NDCL16-00049,59.936183,-39.470155,,12,2694,,,
AR69-01,,,,GI01SUMO-RID16-01-OPTAAD000,9,1,2022-06-30T15:54:00,,CGMGI-01SUMO-00009,,CGINS-OPTAAD-00245,59.936183,-39.470155,,12,2694,,,
AR69-01,,,,GI01SUMO-RID16-02-FLORTD000,9,1,2022-06-30T15:54:00,,CGMGI-01SUMO-00009,,CGINS-FLORTD-01321,59.936183,-39.470155,,12,2694,,,
AR69-01,,,,GI01SUMO-RID16-03-CTDBPF000,9,1,2022-06-30T15:54:00,,CGMGI-01SUMO-00009,,CGINS-CTDBPF-50142,59.936183,-39.470155,,12,2694,,,
AR69-01,,,,GI01SUMO-RID16-04-VELPTA000,9,1,2022-06-30T15:54:00,,CGMGI-01SUMO-00009,,CGINS-VELPTA-11377,59.936183,-39.470155,,12,2694,,,
AR69-01,,,,GI01SUMO-RID16-05-PCO2WB000,9,1,2022-06-30T15:54:00,,CGMGI-01SUMO-00009,,CGINS-PCO2WB-C0135,59.936183,-39.470155,,12,2694,,,
AR69-01,,,,GI01SUMO-RID16-06-DOSTAD000,9,1,2022-06-30T15:54:00,,CGMGI-01SUMO-00009,,CGINS-DOSTAD-00497,59.936183,-39.470155,,12,2694,,,
AR69-01,,,,GI01SUMO-RID16-07-NUTNRB000,9,1,2022-06-30T15:54:00,,CGMGI-01SUMO-00009,,CGINS-NUTNRB-01089,59.936183,-39.470155,,12,2694,,,
AR69-01,,,,GI01SUMO-RID16-08-SPKIRB000,9,1,2022-06-30T15:54:00,,CGMGI-01SUMO-00009,,CGINS-SPKIRB-00288,59.936183,-39.470155,,12,2694,,,
AR69-01,,,,GI01SUMO-RII11-02-ADCPSN010,9,1,2022-06-30T15:54:00,,CGMGI-01SUMO-00009,,CGINS-ADCPSN-22865,59.936183,-39.470155,,500,2694,,,
AR69-01,,,,GI01SUMO-RII11-02-CTDBPP031,9,1,2022-06-30T15:54:00,,CGMGI-01SUMO-00009,,CGINS-CTDBPP-50138,59.936183,-39.470155,,40,2694,,,
AR69-01,,,,GI01SUMO-RII11-02-CTDBPP032,9,1,2022-06-30T15:54:00,,CGMGI-01SUMO-00009,,CGINS-CTDBPP-50156,59.936183,-39.470155,,80,2694,,,
AR69-01,,,,GI01SUMO-RII11-02-CTDBPP033,9,1,2022-06-30T15:54:00,,CGMGI-01SUMO-00009,,CGINS-CTDBPP-50158,59.936183,-39.470155,,130,2694,,,
AR69-01,,,,GI01SUMO-RII11-02-CTDMOQ011,9,1,2022-06-30T15:54:00,,CGMGI-01SUMO-00009,,CGINS-CTDMOQ-12634,59.936183,-39.470155,,20,2694,,,
AR69-01,,,,GI01SUMO-RII11-02-CTDMOQ012,9,1,2022-06-30T15:54:00,,CGMGI-01SUMO-00009,,CGINS-CTDMOQ-12934,59.936183,-39.470155,,60,2694,,,
AR69-01,,,,GI01SUMO-RII11-02-CTDMOQ013,9,1,2022-06-30T15:54:00,,CGMGI-01SUMO-00009,,CGINS-CTDMOQ-12935,59.936183,-39.470155,,100,2694,,,
AR69-01,,,,GI01SUMO-RII11-02-CTDMOQ014,9,1,2022-06-30T15:54:00,,CGMGI-01SUMO-00009,,CGINS-CTDMOQ-12936,59.936183,-39.470155,,180,2694,,,
AR69-01,,,,GI01SUMO-RII11-02-CTDMOQ015,9,1,2022-06-30T15:54:00,,CGMGI-01SUMO-00009,,CGINS-CTDMOQ-12937,59.936183,-39.470155,,250,2694,,,
AR69-01,,,,GI01SUMO-RII11-02-CTDMOQ016,9,1,2022-06-30T15:54:00,,CGMGI-01SUMO-00009,,CGINS-CTDMOQ-12938,59.936183,-39.470155,,350,2694,,,
AR69-01,,,,GI01SUMO-RII11-02-CTDMOQ017,9,1,2022-06-30T15:54:00,,CGMGI-01SUMO-00009,,CGINS-CTDMOQ-12939,59.936183,-39.470155,,500,2694,,,
AR69-01,,,,GI01SUMO-RII11-02-CTDMOR018,9,1,2022-06-30T15:54:00,,CGMGI-01SUMO-00009,,CGINS-CTDMOR-13628,59.936183,-39.470155,,750,2694,,,
AR69-01,,,,GI01SUMO-RII11-02-CTDMOR019,9,1,2022-06-30T15:54:00,,CGMGI-01SUMO-00009,,CGINS-CTDMOR-13629,59.936183,-39.470155,,1000,2694,,,
AR69-01,,,,GI01SUMO-RII11-02-CTDMOR020,9,1,2022-06-30T15:54:00,,CGMGI-01SUMO-00009,,CGINS-CTDMOR-13630,59.936183,-39.470155,,1500,2694,,,
AR69-01,,,,GI01SUMO-RII11-02-DOSTAD031,9,1,2022-06-30T15:54:00,,CGMGI-01SUMO-00009,,CGINS-DOSTAD-00227,59.936183,-39.470155,,40,2694,,,
AR69-01,,,,GI01SUMO-RII11-02-DOSTAD032,9,1,2022-06-30T15:54:00,,CGMGI-01SUMO-00009,,CGINS-DOSTAD-00466,59.936183,-39.470155,,80,2694,,,
AR69-01,,,,GI01SUMO-RII11-02-DOSTAD033,9,1,2022-06-30T15:54:00,,CGMGI-01SUMO-00009,,CGINS-DOSTAD-00498,59.936183,-39.470155,,130,2694,,,
AR69-01,,,,GI01SUMO-RII11-02-FLORDG031,9,1,2022-06-30T15:54:00,,CGMGI-01SUMO-00009,,CGINS-FLORDG-04032,59.936183,-39.470155,,40,2694,,,
AR69-01,,,,GI01SUMO-RII11-02-FLORDG032,9,1,2022-06-30T15:54:00,,CGMGI-01SUMO-00009,,CGINS-FLORDG-04033,59.936183,-39.470155,,80,2694,,,
AR69-01,,,,GI01SUMO-RII11-02-FLORDG033,9,1,2022-06-30T15:54:00,,CGMGI-01SUMO-00009,,CGINS-FLORDG-04034,59.936183,-39.470155,,130,2694,,,
AR69-01,,,,GI01SUMO-RII11-02-PCO2WC051,9,1,2022-06-30T15:54:00,,CGMGI-01SUMO-00009,,CGINS-PCO2WC-C0107,59.936183,-39.470155,,40,2694,,,
AR69-01,,,,GI01SUMO-RII11-02-PCO2WC052,9,1,2022-06-30T15:54:00,,CGMGI-01SUMO-00009,,CGINS-PCO2WC-C0108,59.936183,-39.470155,,80,2694,,,
AR69-01,,,,GI01SUMO-RII11-02-PCO2WC053,9,1,2022-06-30T15:54:00,,CGMGI-01SUMO-00009,,CGINS-PCO2WC-C0140,59.936183,-39.470155,,130,2694,,,
AR69-01,,,,GI01SUMO-RII11-02-PHSENE041,9,1,2022-06-30T15:54:00,,CGMGI-01SUMO-00009,,CGINS-PHSENE-P0172,59.936183,-39.470155,,20,2694,,,
AR69-01,,,,GI01SUMO-RII11-02-PHSENE042,9,1,2022-06-30T15:54:00,,CGMGI-01SUMO-00009,,CGINS-PHSENE-P0177,59.936183,-39.470155,,100,2694,,,
AR69-01,,,,GI01SUMO-SBC11-00-CPMENG000,9,1,2022-06-30T15:54:00,,CGMGI-01SUMO-00009,,CGCON-BCPM01-50010,59.936183,-39.470155,,0,2694,,,
AR69-01,,,,GI01SUMO-SBD11-00-DCLENG000,9,1,2022-06-30T15:54:00,,CGMGI-01SUMO-00009,,CGCON-BDCL11-50010,59.936183,-39.470155,,0,2694,,,
AR69-01,,,,GI01SUMO-SBD11-01-MOPAK0000,9,1,2022-06-30T15:54:00,,CGMGI-01SUMO-00009,,CGINS-MOPAK0-43258,59.936183,-39.470155,,0,2694,,,
AR69-01,,,,GI01SUMO-SBD11-03-HYDGN0000,9,1,2022-06-30T15:54:00,,CGMGI-01SUMO-00009,,CGINS-HYDGN0-42356,59.936183,-39.470155,,0,2694,,,
AR69-01,,,,GI01SUMO-SBD11-04-DOSTAD000,9,1,2022-06-30T15:54:00,,CGMGI-01SUMO-00009,,CGINS-DOSTAD-00467,59.936183,-39.470155,,1,2694,,,
AR69-01,,,,GI01SUMO-SBD11-05-SPKIRB000,9,1,2022-06-30T15:54:00,,CGMGI-01SUMO-00009,,CGINS-SPKIRB-00269,59.936183,-39.470155,,-6,2694,,,
AR69-01,,,,GI01SUMO-SBD11-06-METBKA000,9,1,2022-06-30T15:54:00,,CGMGI-01SUMO-00009,,CGINS-METLGR-00016,59.936183,-39.470155,,0,2694,,,
AR69-01,,,,GI01SUMO-SBD11-08-NUTNRB000,9,1,2022-06-30T15:54:00,,CGMGI-01SUMO-00009,,CGINS-NUTNRB-01088,59.936183,-39.470155,,1,2694,,,
AR69-01,,,,GI01SUMO-SBD12-00-DCLENG000,9,1,2022-06-30T15:54:00,,CGMGI-01SUMO-00009,,CGCON-BDCL12-50010,59.936183,-39.470155,,0,2694,,,
AR69-01,,,,GI01SUMO-SBD12-01-OPTAAD000,9,1,2022-06-30T15:54:00,,CGMGI-01SUMO-00009,,CGINS-OPTAAD-00256,59.936183,-39.470155,,1,2694,,,
AR69-01,,,,GI01SUMO-SBD12-02-FLORTD000,9,1,2022-06-30T15:54:00,,CGMGI-01SUMO-00009,,CGINS-FLORTD-01212,59.936183,-39.470155,,1,2694,,,
AR69-01,,,,GI01SUMO-SBD12-03-HYDGN0000,9,1,2022-06-30T15:54:00,,CGMGI-01SUMO-00009,,CGINS-HYDGN0-42529,59.936183,-39.470155,,0,2694,,,
AR69-01,,,,GI01SUMO-SBD12-04-PCO2AA000,9,1,2022-06-30T15:54:00,,CGMGI-01SUMO-00009,,CGINS-PCO2AA-34222,59.936183,-39.470155,,0,2694,,,
AR69-01,,,,GI01SUMO-SBD12-05-WAVSSA000,9,1,2022-06-30T15:54:00,,CGMGI-01SUMO-00009,,CGINS-WAVSSA-05321,59.936183,-39.470155,,0,2694,,,
AR69-01,,,,GI01SUMO-SBD12-06-METBKA000,9,1,2022-06-30T15:54:00,,CGMGI-01SUMO-00009,,CGINS-METLGR-00031,59.936183,-39.470155,,0,2694,,,
AR69-01,,,,GI01SUMO-SBD12-08-FDCHPA000,9,1,2022-06-30T15:54:00,,CGMGI-01SUMO-00009,,CGINS-FDCHPB-12802,59.936183,-39.470155,,-6,2694,,,
