CUID_Deploy,deployedBy,CUID_Recover,recoveredBy,Reference Designator,deploymentNumber,versionNumber,startDateTime,stopDateTime,mooring.uid,node.uid,sensor.uid,lat,lon,orbit,deployment_depth,water_depth,notes,electrical.uid,assembly_template_revision
KN221-04,,AT30-01,,GI03FLMA-RI000-00-CTDMOH000,1,1,2014-09-12T20:11:00,2015-08-18T10:41:00,CGMGI-03FLMA-00001,,CGINS-CTDMOH-12225,59.76683,-39.8425,,1700,2700,,,
KN221-04,,AT30-01,,GI03FLMA-RI000-00-CTDMOH100,1,1,2014-09-12T20:11:00,2015-08-18T10:41:00,CGMGI-03FLMA-00001,,CGINS-CTDMOH-12227,59.76683,-39.8425,,2600,2700,,,
KN221-04,,AT30-01,,GI03FLMA-RI000-00-CTDMOH400,1,1,2014-09-12T20:11:00,2015-08-18T10:41:00,CGMGI-03FLMA-00001,,CGINS-CTDMOH-12389,59.76683,-39.8425,,2300,2700,,,
KN221-04,,AT30-01,,GI03FLMA-RI000-00-CTDMOH700,1,1,2014-09-12T20:11:00,2015-08-18T10:41:00,CGMGI-03FLMA-00001,,CGINS-CTDMOH-12222,59.76683,-39.8425,,2000,2700,,,
KN221-04,,AT30-01,,GI03FLMA-RI000-00-VELPTB000,1,1,2014-09-12T20:11:00,2015-08-18T10:41:00,CGMGI-03FLMA-00001,,CGINS-VELPTB-11669,59.76683,-39.8425,,1700,2700,,,
KN221-04,,AT30-01,,GI03FLMA-RI000-00-VELPTB100,1,1,2014-09-12T20:11:00,2015-08-18T10:41:00,CGMGI-03FLMA-00001,,CGINS-VELPTB-11970,59.76683,-39.8425,,2600,2700,,,
KN221-04,,AT30-01,,GI03FLMA-RI000-00-VELPTB400,1,1,2014-09-12T20:11:00,2015-08-18T10:41:00,CGMGI-03FLMA-00001,,CGINS-VELPTB-11967,59.76683,-39.8425,,2300,2700,,,
KN221-04,,AT30-01,,GI03FLMA-RI000-00-VELPTB700,1,1,2014-09-12T20:11:00,2015-08-18T10:41:00,CGMGI-03FLMA-00001,,CGINS-VELPTB-11964,59.76683,-39.8425,,2000,2700,,,
KN221-04,,AT30-01,,GI03FLMA-RIM01-00-SIOENG000,1,1,2014-09-12T20:11:00,2015-08-18T10:41:00,CGMGI-03FLMA-00001,,CGCON-SIOCON-13286,59.76683,-39.8425,,1504,2700,,,
KN221-04,,AT30-01,,GI03FLMA-RIM01-02-ADCPSL003,1,1,2014-09-12T20:11:00,2015-08-18T10:41:00,CGMGI-03FLMA-00001,,CGINS-ADCPSL-18261,59.76683,-39.8425,,496,2700,,,
KN221-04,,AT30-01,,GI03FLMA-RIM01-02-CTDMOG040,1,1,2014-09-12T20:11:00,2015-08-18T09:00:00,CGMGI-03FLMA-00001,,CGINS-CTDMOG-11613,59.76683,-39.8425,,26,2700,,,
KN221-04,,AT30-01,,GI03FLMA-RIM01-02-CTDMOG041,1,1,2014-09-12T20:11:00,2015-08-18T09:00:00,CGMGI-03FLMA-00001,,CGINS-CTDMOG-11533,59.76683,-39.8425,,36,2700,,,
KN221-04,,AT30-01,,GI03FLMA-RIM01-02-CTDMOG042,1,1,2014-09-12T20:11:00,2015-08-18T09:00:00,CGMGI-03FLMA-00001,,CGINS-CTDMOG-12308,59.76683,-39.8425,,56,2700,,,
KN221-04,,AT30-01,,GI03FLMA-RIM01-02-CTDMOG043,1,1,2014-09-12T20:11:00,2015-08-18T09:00:00,CGMGI-03FLMA-00001,,CGINS-CTDMOG-12309,59.76683,-39.8425,,86,2700,,,
KN221-04,,AT30-01,,GI03FLMA-RIM01-02-CTDMOG044,1,1,2014-09-12T20:11:00,2015-08-18T09:00:00,CGMGI-03FLMA-00001,,CGINS-CTDMOG-11534,59.76683,-39.8425,,126,2700,,,
KN221-04,,AT30-01,,GI03FLMA-RIM01-02-CTDMOG045,1,1,2014-09-12T20:11:00,2015-08-18T09:00:00,CGMGI-03FLMA-00001,,CGINS-CTDMOG-11606,59.76683,-39.8425,,176,2700,,,
KN221-04,,AT30-01,,GI03FLMA-RIM01-02-CTDMOG046,1,1,2014-09-12T20:11:00,2015-08-18T09:00:00,CGMGI-03FLMA-00001,,CGINS-CTDMOG-12189,59.76683,-39.8425,,246,2700,,,
KN221-04,,AT30-01,,GI03FLMA-RIM01-02-CTDMOG047,1,1,2014-09-12T20:11:00,2015-08-18T09:00:00,CGMGI-03FLMA-00001,,CGINS-CTDMOG-11604,59.76683,-39.8425,,346,2700,,,
KN221-04,,AT30-01,,GI03FLMA-RIM01-02-CTDMOG048,1,1,2014-09-12T20:11:00,2015-08-18T10:41:00,CGMGI-03FLMA-00001,,CGINS-CTDMOG-11608,59.76683,-39.8425,,496,2700,,,
KN221-04,,AT30-01,,GI03FLMA-RIM01-02-CTDMOH049,1,1,2014-09-12T20:11:00,2015-08-18T10:41:00,CGMGI-03FLMA-00001,,CGINS-CTDMOH-11599,59.76683,-39.8425,,746,2700,,,
KN221-04,,AT30-01,,GI03FLMA-RIM01-02-CTDMOH050,1,1,2014-09-12T20:11:00,2015-08-18T10:41:00,CGMGI-03FLMA-00001,,CGINS-CTDMOH-11602,59.76683,-39.8425,,996,2700,,,
KN221-04,,AT30-01,,GI03FLMA-RIM01-02-CTDMOH051,1,1,2014-09-12T20:11:00,2015-08-18T10:41:00,CGMGI-03FLMA-00001,,CGINS-CTDMOH-11597,59.76683,-39.8425,,1496,2700,,,
KN221-04,,AT30-01,,GI03FLMA-RIS01-00-SIOENG000,1,1,2014-09-12T20:11:00,2015-08-18T09:00:00,CGMGI-03FLMA-00001,,CGCON-SIOCON-13280,59.76683,-39.8425,,26,2700,,,
KN221-04,,AT30-01,,GI03FLMA-RIS01-03-DOSTAD000,1,1,2014-09-12T20:11:00,2015-08-18T09:00:00,CGMGI-03FLMA-00001,,CGINS-DOSTAD-00228,59.76683,-39.8425,,26,2700,,,
KN221-04,,AT30-01,,GI03FLMA-RIS01-04-PHSENF000,1,1,2014-09-12T20:11:00,2015-08-18T09:00:00,CGMGI-03FLMA-00001,,CGINS-PHSENF-P0079,59.76683,-39.8425,,26,2700,,,
KN221-04,,AT30-01,,GI03FLMA-RIS01-05-FLORTD000,1,1,2014-09-12T20:11:00,2015-08-18T09:00:00,CGMGI-03FLMA-00001,,CGINS-FLORTD-01122,59.76683,-39.8425,,26,2700,,,
AT30-01,,AR7-01,,GI03FLMA-RI000-00-CTDMOH000,2,1,2015-08-18T23:47:00,2016-07-17T10:15:00,CGMGI-03FLMA-00002,,CGINS-CTDMOH-13447,59.77067,-39.8801,,1688,2688,,,
AT30-01,,AR7-01,,GI03FLMA-RI000-00-CTDMOH100,2,1,2015-08-18T23:47:00,2016-07-17T10:15:00,CGMGI-03FLMA-00002,,CGINS-CTDMOH-13450,59.77067,-39.8801,,2588,2688,,,
AT30-01,,AR7-01,,GI03FLMA-RI000-00-CTDMOH400,2,1,2015-08-18T23:47:00,2016-07-17T10:15:00,CGMGI-03FLMA-00002,,CGINS-CTDMOH-13449,59.77067,-39.8801,,2288,2688,,,
AT30-01,,AR7-01,,GI03FLMA-RI000-00-CTDMOH700,2,1,2015-08-18T23:47:00,2016-07-17T10:15:00,CGMGI-03FLMA-00002,,CGINS-CTDMOH-13448,59.77067,-39.8801,,1988,2688,,,
AT30-01,,AR7-01,,GI03FLMA-RI000-00-VELPTB000,2,1,2015-08-18T23:47:00,2016-07-17T10:15:00,CGMGI-03FLMA-00002,,CGINS-VELPTB-12673,59.77067,-39.8801,,1688,2688,,,
AT30-01,,AR7-01,,GI03FLMA-RI000-00-VELPTB100,2,1,2015-08-18T23:47:00,2016-07-17T10:15:00,CGMGI-03FLMA-00002,,CGINS-VELPTB-12236,59.77067,-39.8801,,2588,2688,,,
AT30-01,,AR7-01,,GI03FLMA-RI000-00-VELPTB400,2,1,2015-08-18T23:47:00,2016-07-17T10:15:00,CGMGI-03FLMA-00002,,CGINS-VELPTB-12195,59.77067,-39.8801,,2288,2688,,,
AT30-01,,AR7-01,,GI03FLMA-RI000-00-VELPTB700,2,1,2015-08-18T23:47:00,2016-07-17T10:15:00,CGMGI-03FLMA-00002,,CGINS-VELPTB-12663,59.77067,-39.8801,,1988,2688,,,
AT30-01,,AR7-01,,GI03FLMA-RIM01-00-SIOENG000,2,1,2015-08-18T23:47:00,2016-07-17T10:15:00,CGMGI-03FLMA-00002,,CGCON-SIOCON-13993,59.77067,-39.8801,,1507,2688,,,
AT30-01,,AR7-01,,GI03FLMA-RIM01-02-ADCPSL003,2,1,2015-08-18T23:47:00,2016-07-17T10:15:00,CGMGI-03FLMA-00002,,CGINS-ADCPSL-23380,59.77067,-39.8801,,501,2688,,,
AT30-01,,AR7-01,,GI03FLMA-RIM01-02-CTDMOG040,2,1,2015-08-18T23:47:00,2016-07-17T07:55:00,CGMGI-03FLMA-00002,,CGINS-CTDMOG-13419,59.77067,-39.8801,,31,2688,,,
AT30-01,,AR7-01,,GI03FLMA-RIM01-02-CTDMOG041,2,1,2015-08-18T23:47:00,2016-07-17T07:55:00,CGMGI-03FLMA-00002,,CGINS-CTDMOG-13420,59.77067,-39.8801,,41,2688,,,
AT30-01,,AR7-01,,GI03FLMA-RIM01-02-CTDMOG042,2,1,2015-08-18T23:47:00,2016-07-17T07:55:00,CGMGI-03FLMA-00002,,CGINS-CTDMOG-13421,59.77067,-39.8801,,61,2688,,,
AT30-01,,AR7-01,,GI03FLMA-RIM01-02-CTDMOG043,2,1,2015-08-18T23:47:00,2016-07-17T07:55:00,CGMGI-03FLMA-00002,,CGINS-CTDMOG-13422,59.77067,-39.8801,,91,2688,,,
AT30-01,,AR7-01,,GI03FLMA-RIM01-02-CTDMOG044,2,1,2015-08-18T23:47:00,2016-07-17T07:55:00,CGMGI-03FLMA-00002,,CGINS-CTDMOG-13425,59.77067,-39.8801,,131,2688,,,
AT30-01,,AR7-01,,GI03FLMA-RIM01-02-CTDMOG045,2,1,2015-08-18T23:47:00,2016-07-17T07:55:00,CGMGI-03FLMA-00002,,CGINS-CTDMOG-13426,59.77067,-39.8801,,181,2688,,,
AT30-01,,AR7-01,,GI03FLMA-RIM01-02-CTDMOG046,2,1,2015-08-18T23:47:00,2016-07-17T07:55:00,CGMGI-03FLMA-00002,,CGINS-CTDMOG-13427,59.77067,-39.8801,,251,2688,,,
AT30-01,,AR7-01,,GI03FLMA-RIM01-02-CTDMOG047,2,1,2015-08-18T23:47:00,2016-07-17T07:55:00,CGMGI-03FLMA-00002,,CGINS-CTDMOG-13428,59.77067,-39.8801,,351,2688,,,
AT30-01,,AR7-01,,GI03FLMA-RIM01-02-CTDMOG048,2,1,2015-08-18T23:47:00,2016-07-17T10:15:00,CGMGI-03FLMA-00002,,CGINS-CTDMOG-13429,59.77067,-39.8801,,501,2688,,,
AT30-01,,AR7-01,,GI03FLMA-RIM01-02-CTDMOH049,2,1,2015-08-18T23:47:00,2016-07-17T10:15:00,CGMGI-03FLMA-00002,,CGINS-CTDMOH-13444,59.77067,-39.8801,,751,2688,,,
AT30-01,,AR7-01,,GI03FLMA-RIM01-02-CTDMOH050,2,1,2015-08-18T23:47:00,2016-07-17T10:15:00,CGMGI-03FLMA-00002,,CGINS-CTDMOH-13445,59.77067,-39.8801,,1001,2688,,,
AT30-01,,AR7-01,,GI03FLMA-RIM01-02-CTDMOH051,2,1,2015-08-18T23:47:00,2016-07-17T10:15:00,CGMGI-03FLMA-00002,,CGINS-CTDMOH-13446,59.77067,-39.8801,,1501,2688,,,
AT30-01,,AR7-01,,GI03FLMA-RIS01-00-SIOENG000,2,1,2015-08-18T23:47:00,2016-07-17T07:55:00,CGMGI-03FLMA-00002,,CGCON-SIOCON-12372,59.77067,-39.8801,,31,2688,,,
AT30-01,,AR7-01,,GI03FLMA-RIS01-03-DOSTAD000,2,1,2015-08-18T23:47:00,2016-07-17T07:55:00,CGMGI-03FLMA-00002,,CGINS-DOSTAD-00465,59.77067,-39.8801,,31,2688,,,
AT30-01,,AR7-01,,GI03FLMA-RIS01-04-PHSENF000,2,1,2015-08-18T23:47:00,2016-07-17T07:55:00,CGMGI-03FLMA-00002,,CGINS-PHSENF-P0174,59.77067,-39.8801,,31,2688,,,
AT30-01,,AR7-01,,GI03FLMA-RIS01-05-FLORTD000,2,1,2015-08-18T23:47:00,2016-07-17T07:55:00,CGMGI-03FLMA-00002,,CGINS-FLORTD-01298,59.77067,-39.8801,,31,2688,,,
AR7-01,,AR21,,GI03FLMA-RI000-00-CTDMOH000,3,1,2016-07-12T15:59:00,2017-08-12T11:36:00,CGMGI-03FLMA-00003,,CGINS-CTDMOH-10227,59.7677,-39.84123,,1700,2696,,,
AR7-01,,AR21,,GI03FLMA-RI000-00-CTDMOH100,3,1,2016-07-12T15:59:00,2017-08-12T11:36:00,CGMGI-03FLMA-00003,,CGINS-CTDMOH-11683,59.7677,-39.84123,,2600,2696,,,
AR7-01,,AR21,,GI03FLMA-RI000-00-CTDMOH400,3,1,2016-07-12T15:59:00,2017-08-12T11:36:00,CGMGI-03FLMA-00003,,CGINS-CTDMOH-10265,59.7677,-39.84123,,2300,2696,,,
AR7-01,,AR21,,GI03FLMA-RI000-00-CTDMOH700,3,1,2016-07-12T15:59:00,2017-08-12T11:36:00,CGMGI-03FLMA-00003,,CGINS-CTDMOH-10264,59.7677,-39.84123,,2000,2696,,,
AR7-01,,AR21,,GI03FLMA-RI000-00-VELPTB000,3,1,2016-07-12T15:59:00,2017-08-12T11:36:00,CGMGI-03FLMA-00003,,CGINS-VELPTB-11669,59.7677,-39.84123,,1700,2696,,,
AR7-01,,AR21,,GI03FLMA-RI000-00-VELPTB100,3,1,2016-07-12T15:59:00,2017-08-12T11:36:00,CGMGI-03FLMA-00003,,CGINS-VELPTB-11969,59.7677,-39.84123,,2600,2696,,,
AR7-01,,AR21,,GI03FLMA-RI000-00-VELPTB400,3,1,2016-07-12T15:59:00,2017-08-12T11:36:00,CGMGI-03FLMA-00003,,CGINS-VELPTB-11967,59.7677,-39.84123,,2300,2696,,,
AR7-01,,AR21,,GI03FLMA-RI000-00-VELPTB700,3,1,2016-07-12T15:59:00,2017-08-12T11:36:00,CGMGI-03FLMA-00003,,CGINS-VELPTB-11964,59.7677,-39.84123,,2000,2696,,,
AR7-01,,AR21,,GI03FLMA-RIM01-00-SIOENG000,3,1,2016-07-12T15:59:00,2017-08-12T11:36:00,CGMGI-03FLMA-00003,,CGCON-SIOCON-13279,59.7677,-39.84123,,1507,2696,,,
AR7-01,,AR21,,GI03FLMA-RIM01-02-ADCPSL003,3,1,2016-07-12T15:59:00,2017-08-12T11:36:00,CGMGI-03FLMA-00003,,CGINS-ADCPSL-18353,59.7677,-39.84123,,500,2696,,,
AR7-01,,AR21,,GI03FLMA-RIM01-02-CTDMOG040,3,1,2016-07-12T15:59:00,2017-08-12T10:00:00,CGMGI-03FLMA-00003,,CGINS-CTDMOG-11612,59.7677,-39.84123,,30,2696,,,
AR7-01,,AR21,,GI03FLMA-RIM01-02-CTDMOG041,3,1,2016-07-12T15:59:00,2017-08-12T10:00:00,CGMGI-03FLMA-00003,,CGINS-CTDMOG-12308,59.7677,-39.84123,,40,2696,,,
AR7-01,,AR21,,GI03FLMA-RIM01-02-CTDMOG042,3,1,2016-07-12T15:59:00,2017-08-12T10:00:00,CGMGI-03FLMA-00003,,CGINS-CTDMOG-12309,59.7677,-39.84123,,60,2696,,,
AR7-01,,AR21,,GI03FLMA-RIM01-02-CTDMOG043,3,1,2016-07-12T15:59:00,2017-08-12T10:00:00,CGMGI-03FLMA-00003,,CGINS-CTDMOG-12310,59.7677,-39.84123,,90,2696,,,
AR7-01,,AR21,,GI03FLMA-RIM01-02-CTDMOG044,3,1,2016-07-12T15:59:00,2017-08-12T10:00:00,CGMGI-03FLMA-00003,,CGINS-CTDMOG-11533,59.7677,-39.84123,,130,2696,,,
AR7-01,,AR21,,GI03FLMA-RIM01-02-CTDMOG045,3,1,2016-07-12T15:59:00,2017-08-12T10:00:00,CGMGI-03FLMA-00003,,CGINS-CTDMOG-11534,59.7677,-39.84123,,180,2696,,,
AR7-01,,AR21,,GI03FLMA-RIM01-02-CTDMOG046,3,1,2016-07-12T15:59:00,2017-08-12T10:00:00,CGMGI-03FLMA-00003,,CGINS-CTDMOG-11609,59.7677,-39.84123,,250,2696,,,
AR7-01,,AR21,,GI03FLMA-RIM01-02-CTDMOG047,3,1,2016-07-12T15:59:00,2017-08-12T10:00:00,CGMGI-03FLMA-00003,,CGINS-CTDMOG-11535,59.7677,-39.84123,,350,2696,,,
AR7-01,,AR21,,GI03FLMA-RIM01-02-CTDMOG048,3,1,2016-07-12T15:59:00,2017-08-12T11:36:00,CGMGI-03FLMA-00003,,CGINS-CTDMOG-11593,59.7677,-39.84123,,500,2696,,,
AR7-01,,AR21,,GI03FLMA-RIM01-02-CTDMOH049,3,1,2016-07-12T15:59:00,2017-08-12T11:36:00,CGMGI-03FLMA-00003,,CGINS-CTDMOH-12219,59.7677,-39.84123,,750,2696,,,
AR7-01,,AR21,,GI03FLMA-RIM01-02-CTDMOH050,3,1,2016-07-12T15:59:00,2017-08-12T11:36:00,CGMGI-03FLMA-00003,,CGINS-CTDMOH-12389,59.7677,-39.84123,,1000,2696,,,
AR7-01,,AR21,,GI03FLMA-RIM01-02-CTDMOH051,3,1,2016-07-12T15:59:00,2017-08-12T11:36:00,CGMGI-03FLMA-00003,,CGINS-CTDMOH-12227,59.7677,-39.84123,,1500,2696,,,
AR7-01,,AR21,,GI03FLMA-RIS01-00-SIOENG000,3,1,2016-07-12T15:59:00,2017-08-12T10:00:00,CGMGI-03FLMA-00003,,CGCON-SIOCON-13278,59.7677,-39.84123,,30,2696,,,
AR7-01,,AR21,,GI03FLMA-RIS01-03-DOSTAD000,3,1,2016-07-12T15:59:00,2017-08-12T10:00:00,CGMGI-03FLMA-00003,,CGINS-DOSTAD-00392,59.7677,-39.84123,,30,2696,,,
AR7-01,,AR21,,GI03FLMA-RIS01-04-PHSENF000,3,1,2016-07-12T15:59:00,2017-08-12T10:00:00,CGMGI-03FLMA-00003,,CGINS-PHSENF-P0103,59.7677,-39.84123,,30,2696,,,
AR7-01,,AR21,,GI03FLMA-RIS01-05-FLORTD000,3,1,2016-07-12T15:59:00,2017-08-12T10:00:00,CGMGI-03FLMA-00003,,CGINS-FLORTD-01221,59.7677,-39.84123,,30,2696,,,
AR21,,AR30-03,,GI03FLMA-RI000-00-CTDMOH000,4,1,2017-08-08T15:13:00,2018-06-15T09:51:00,CGMGI-03FLMA-00004,,CGINS-CTDMOH-10229,59.7717,-39.8827,,1689,2689,,,
AR21,,AR30-03,,GI03FLMA-RI000-00-CTDMOH100,4,1,2017-08-08T15:13:00,2018-06-15T09:51:00,CGMGI-03FLMA-00004,,CGINS-CTDMOH-13447,59.7717,-39.8827,,2589,2689,,,
AR21,,AR30-03,,GI03FLMA-RI000-00-CTDMOH400,4,1,2017-08-08T15:13:00,2018-06-15T09:51:00,CGMGI-03FLMA-00004,,CGINS-CTDMOH-12225,59.7717,-39.8827,,2289,2689,,,
AR21,,AR30-03,,GI03FLMA-RI000-00-CTDMOH700,4,1,2017-08-08T15:13:00,2018-06-15T09:51:00,CGMGI-03FLMA-00004,,CGINS-CTDMOH-12218,59.7717,-39.8827,,1989,2689,,,
AR21,,AR30-03,,GI03FLMA-RI000-00-VELPTB000,4,1,2017-08-08T15:13:00,2018-06-15T09:51:00,CGMGI-03FLMA-00004,,CGINS-VELPTB-11981,59.7717,-39.8827,,1689,2689,,,
AR21,,AR30-03,,GI03FLMA-RI000-00-VELPTB100,4,1,2017-08-08T15:13:00,2018-06-15T09:51:00,CGMGI-03FLMA-00004,,CGINS-VELPTB-12663,59.7717,-39.8827,,2589,2689,,,
AR21,,AR30-03,,GI03FLMA-RI000-00-VELPTB400,4,1,2017-08-08T15:13:00,2018-06-15T09:51:00,CGMGI-03FLMA-00004,,CGINS-VELPTB-12652,59.7717,-39.8827,,2289,2689,,,
AR21,,AR30-03,,GI03FLMA-RI000-00-VELPTB700,4,1,2017-08-08T15:13:00,2018-06-15T09:51:00,CGMGI-03FLMA-00004,,CGINS-VELPTB-12236,59.7717,-39.8827,,1989,2689,,,
AR21,,AR30-03,,GI03FLMA-RIM01-00-SIOENG000,4,1,2017-08-08T15:13:00,2018-06-15T09:51:00,CGMGI-03FLMA-00004,,CGCON-SIOCON-14884,59.7717,-39.8827,,1507,2689,,,
AR21,,AR30-03,,GI03FLMA-RIM01-02-ADCPSL003,4,1,2017-08-08T15:13:00,2018-06-15T09:51:00,CGMGI-03FLMA-00004,,CGINS-ADCPSL-23381,59.7717,-39.8827,,500,2689,,,
AR21,,AR30-03,,GI03FLMA-RIM01-02-CTDMOG040,4,1,2017-08-08T15:13:00,2018-06-15T07:59:00,CGMGI-03FLMA-00004,,CGINS-CTDMOG-13438,59.7717,-39.8827,,30,2689,,,
AR21,,AR30-03,,GI03FLMA-RIM01-02-CTDMOG041,4,1,2017-08-08T15:13:00,2018-06-15T07:59:00,CGMGI-03FLMA-00004,,CGINS-CTDMOG-10261,59.7717,-39.8827,,40,2689,,,
AR21,,AR30-03,,GI03FLMA-RIM01-02-CTDMOG042,4,1,2017-08-08T15:13:00,2018-06-15T07:59:00,CGMGI-03FLMA-00004,,CGINS-CTDMOG-10257,59.7717,-39.8827,,60,2689,,,
AR21,,AR30-03,,GI03FLMA-RIM01-02-CTDMOG043,4,1,2017-08-08T15:13:00,2018-06-15T07:59:00,CGMGI-03FLMA-00004,,CGINS-CTDMOG-12337,59.7717,-39.8827,,90,2689,,,
AR21,,AR30-03,,GI03FLMA-RIM01-02-CTDMOG044,4,1,2017-08-08T15:13:00,2018-06-15T07:59:00,CGMGI-03FLMA-00004,,CGINS-CTDMOG-13439,59.7717,-39.8827,,130,2689,,,
AR21,,AR30-03,,GI03FLMA-RIM01-02-CTDMOG045,4,1,2017-08-08T15:13:00,2018-06-15T07:59:00,CGMGI-03FLMA-00004,,CGINS-CTDMOG-13437,59.7717,-39.8827,,180,2689,,,
AR21,,AR30-03,,GI03FLMA-RIM01-02-CTDMOG046,4,1,2017-08-08T15:13:00,2018-06-15T07:59:00,CGMGI-03FLMA-00004,,CGINS-CTDMOG-13436,59.7717,-39.8827,,250,2689,,,
AR21,,AR30-03,,GI03FLMA-RIM01-02-CTDMOG047,4,1,2017-08-08T15:13:00,2018-06-15T07:59:00,CGMGI-03FLMA-00004,,CGINS-CTDMOG-10224,59.7717,-39.8827,,350,2689,,,
AR21,,AR30-03,,GI03FLMA-RIM01-02-CTDMOG048,4,1,2017-08-08T15:13:00,2018-06-15T09:51:00,CGMGI-03FLMA-00004,,CGINS-CTDMOG-11607,59.7717,-39.8827,,500,2689,,,
AR21,,AR30-03,,GI03FLMA-RIM01-02-CTDMOH049,4,1,2017-08-08T15:13:00,2018-06-15T09:51:00,CGMGI-03FLMA-00004,,CGINS-CTDMOH-13451,59.7717,-39.8827,,750,2689,,,
AR21,,AR30-03,,GI03FLMA-RIM01-02-CTDMOH050,4,1,2017-08-08T15:13:00,2018-06-15T09:51:00,CGMGI-03FLMA-00004,,CGINS-CTDMOH-11681,59.7717,-39.8827,,1000,2689,,,
AR21,,AR30-03,,GI03FLMA-RIM01-02-CTDMOH051,4,1,2017-08-08T15:13:00,2018-06-15T09:51:00,CGMGI-03FLMA-00004,,CGINS-CTDMOH-13452,59.7717,-39.8827,,1500,2689,,,
AR21,,AR30-03,,GI03FLMA-RIS01-00-SIOENG000,4,1,2017-08-08T15:13:00,2018-06-15T07:59:00,CGMGI-03FLMA-00004,,CGCON-SIOCON-12368,59.7717,-39.8827,,30,2689,,,
AR21,,AR30-03,,GI03FLMA-RIS01-03-DOSTAD000,4,1,2017-08-08T15:13:00,2018-06-15T07:59:00,CGMGI-03FLMA-00004,,CGINS-DOSTAD-00457,59.7717,-39.8827,,30,2689,,,
AR21,,AR30-03,,GI03FLMA-RIS01-04-PHSENF000,4,1,2017-08-08T15:13:00,2018-06-15T07:59:00,CGMGI-03FLMA-00004,,CGINS-PHSENF-P0081,59.7717,-39.8827,,30,2689,,,
AR21,,AR30-03,,GI03FLMA-RIS01-05-FLORTD000,4,1,2017-08-08T15:13:00,2018-06-15T07:59:00,CGMGI-03FLMA-00004,,CGINS-FLORTD-01299,59.7717,-39.8827,,30,2689,,,
AR30-03,,AR35-05,,GI03FLMA-RI000-00-CTDMOH000,5,1,2018-06-10T13:59:00,2019-08-11T10:12:00,CGMGI-03FLMA-00005,,CGINS-CTDMOH-12221,59.76805,-39.84252,,1700,2700,,,
AR30-03,,AR35-05,,GI03FLMA-RI000-00-CTDMOH100,5,1,2018-06-10T13:59:00,2019-08-11T10:12:00,CGMGI-03FLMA-00005,,CGINS-CTDMOH-12226,59.76805,-39.84252,,2600,2700,,,
AR30-03,,AR35-05,,GI03FLMA-RI000-00-CTDMOH400,5,1,2018-06-10T13:59:00,2019-08-11T10:12:00,CGMGI-03FLMA-00005,,CGINS-CTDMOH-12223,59.76805,-39.84252,,2300,2700,,,
AR30-03,,AR35-05,,GI03FLMA-RI000-00-CTDMOH700,5,1,2018-06-10T13:59:00,2019-08-11T10:12:00,CGMGI-03FLMA-00005,,CGINS-CTDMOH-12222,59.76805,-39.84252,,2000,2700,,,
AR30-03,,AR35-05,,GI03FLMA-RI000-00-VELPTB000,5,1,2018-06-10T13:59:00,2019-08-11T10:12:00,CGMGI-03FLMA-00005,,CGINS-VELPTB-11973,59.76805,-39.84252,,1700,2700,,,
AR30-03,,AR35-05,,GI03FLMA-RI000-00-VELPTB100,5,1,2018-06-10T13:59:00,2019-08-11T10:12:00,CGMGI-03FLMA-00005,,CGINS-VELPTB-12233,59.76805,-39.84252,,2600,2700,,,
AR30-03,,AR35-05,,GI03FLMA-RI000-00-VELPTB400,5,1,2018-06-10T13:59:00,2019-08-11T10:12:00,CGMGI-03FLMA-00005,,CGINS-VELPTB-11976,59.76805,-39.84252,,2300,2700,,,
AR30-03,,AR35-05,,GI03FLMA-RI000-00-VELPTB700,5,1,2018-06-10T13:59:00,2019-08-11T10:12:00,CGMGI-03FLMA-00005,,CGINS-VELPTB-11974,59.76805,-39.84252,,2000,2700,,,
AR30-03,,AR35-05,,GI03FLMA-RIM01-00-SIOENG000,5,1,2018-06-10T13:59:00,2019-08-11T10:12:00,CGMGI-03FLMA-00005,,CGCON-SIOCON-14883,59.76805,-39.84252,,1507,2700,,,
AR30-03,,AR35-05,,GI03FLMA-RIM01-02-ADCPSL003,5,1,2018-06-10T13:59:00,2019-08-11T10:12:00,CGMGI-03FLMA-00005,,CGINS-ADCPSL-20502,59.76805,-39.84252,,500,2700,,,
AR30-03,,AR35-05,,GI03FLMA-RIM01-02-CTDMOG040,5,1,2018-06-10T13:59:00,2019-08-11T08:25:00,CGMGI-03FLMA-00005,,CGINS-CTDMOG-13560,59.76805,-39.84252,,30,2700,,,
AR30-03,,AR35-05,,GI03FLMA-RIM01-02-CTDMOG041,5,1,2018-06-10T13:59:00,2019-08-11T08:25:00,CGMGI-03FLMA-00005,,CGINS-CTDMOG-13561,59.76805,-39.84252,,40,2700,,,
AR30-03,,AR35-05,,GI03FLMA-RIM01-02-CTDMOG042,5,1,2018-06-10T13:59:00,2019-08-11T08:25:00,CGMGI-03FLMA-00005,,CGINS-CTDMOG-13607,59.76805,-39.84252,,60,2700,,,
AR30-03,,AR35-05,,GI03FLMA-RIM01-02-CTDMOG043,5,1,2018-06-10T13:59:00,2019-08-11T08:25:00,CGMGI-03FLMA-00005,,CGINS-CTDMOG-13626,59.76805,-39.84252,,90,2700,,,
AR30-03,,AR35-05,,GI03FLMA-RIM01-02-CTDMOG044,5,1,2018-06-10T13:59:00,2019-08-11T08:25:00,CGMGI-03FLMA-00005,,CGINS-CTDMOG-13594,59.76805,-39.84252,,130,2700,,,
AR30-03,,AR35-05,,GI03FLMA-RIM01-02-CTDMOG045,5,1,2018-06-10T13:59:00,2019-08-11T08:25:00,CGMGI-03FLMA-00005,,CGINS-CTDMOG-13593,59.76805,-39.84252,,180,2700,,,
AR30-03,,AR35-05,,GI03FLMA-RIM01-02-CTDMOG046,5,1,2018-06-10T13:59:00,2019-08-11T08:25:00,CGMGI-03FLMA-00005,,CGINS-CTDMOG-13642,59.76805,-39.84252,,250,2700,,,
AR30-03,,AR35-05,,GI03FLMA-RIM01-02-CTDMOG047,5,1,2018-06-10T13:59:00,2019-08-11T08:25:00,CGMGI-03FLMA-00005,,CGINS-CTDMOG-13428,59.76805,-39.84252,,350,2700,,,
AR30-03,,AR35-05,,GI03FLMA-RIM01-02-CTDMOG048,5,1,2018-06-10T13:59:00,2019-08-11T10:12:00,CGMGI-03FLMA-00005,,CGINS-CTDMOG-13605,59.76805,-39.84252,,500,2700,,,
AR30-03,,AR35-05,,GI03FLMA-RIM01-02-CTDMOH049,5,1,2018-06-10T13:59:00,2019-08-11T10:12:00,CGMGI-03FLMA-00005,,CGINS-CTDMOH-13649,59.76805,-39.84252,,750,2700,,,
AR30-03,,AR35-05,,GI03FLMA-RIM01-02-CTDMOH050,5,1,2018-06-10T13:59:00,2019-08-11T10:12:00,CGMGI-03FLMA-00005,,CGINS-CTDMOH-13445,59.76805,-39.84252,,1000,2700,,,
AR30-03,,AR35-05,,GI03FLMA-RIM01-02-CTDMOH051,5,1,2018-06-10T13:59:00,2019-08-11T10:12:00,CGMGI-03FLMA-00005,,CGINS-CTDMOH-13453,59.76805,-39.84252,,1500,2700,,,
AR30-03,,AR35-05,,GI03FLMA-RIS01-00-SIOENG000,5,1,2018-06-10T13:59:00,2019-08-11T08:25:00,CGMGI-03FLMA-00005,,CGCON-SIOCON-14877,59.76805,-39.84252,,30,2700,,,
AR30-03,,AR35-05,,GI03FLMA-RIS01-03-DOSTAD000,5,1,2018-06-10T13:59:00,2019-08-11T08:25:00,CGMGI-03FLMA-00005,,CGINS-DOSTAD-00391,59.76805,-39.84252,,30,2700,,,
AR30-03,,AR35-05,,GI03FLMA-RIS01-04-PHSENF000,5,1,2018-06-10T13:59:00,2019-08-11T08:25:00,CGMGI-03FLMA-00005,,CGINS-PHSENF-P0182,59.76805,-39.84252,,30,2700,,,
AR30-03,,AR35-05,,GI03FLMA-RIS01-05-FLORTD000,5,1,2018-06-10T13:59:00,2019-08-11T08:25:00,CGMGI-03FLMA-00005,,CGINS-FLORTD-01319,59.76805,-39.84252,,30,2700,,,
AR35-05,,AR46,,GI03FLMA-RI000-00-CTDMOH000,6,1,2019-08-07T13:34:00,2020-08-27T12:19:00,CGMGI-03FLMA-00006,,CGINS-CTDMOH-12218,59.7701,-39.88419,,1692,2692,,,
AR35-05,,AR46,,GI03FLMA-RI000-00-CTDMOH100,6,1,2019-08-07T13:34:00,2020-08-27T12:19:00,CGMGI-03FLMA-00006,,CGINS-CTDMOH-12619,59.7701,-39.88419,,2592,2692,,,
AR35-05,,AR46,,GI03FLMA-RI000-00-CTDMOH400,6,1,2019-08-07T13:34:00,2020-08-27T12:19:00,CGMGI-03FLMA-00006,,CGINS-CTDMOH-12395,59.7701,-39.88419,,2292,2692,,,
AR35-05,,AR46,,GI03FLMA-RI000-00-CTDMOH700,6,1,2019-08-07T13:34:00,2020-08-27T12:19:00,CGMGI-03FLMA-00006,,CGINS-CTDMOH-12387,59.7701,-39.88419,,1992,2692,,,
AR35-05,,AR46,,GI03FLMA-RI000-00-VELPTB000,6,1,2019-08-07T13:34:00,2020-08-27T12:19:00,CGMGI-03FLMA-00006,,CGINS-VELPTB-11970,59.7701,-39.88419,,1692,2692,,,
AR35-05,,AR46,,GI03FLMA-RI000-00-VELPTB100,6,1,2019-08-07T13:34:00,2020-08-27T12:19:00,CGMGI-03FLMA-00006,,CGINS-VELPTB-12197,59.7701,-39.88419,,2592,2692,,,
AR35-05,,AR46,,GI03FLMA-RI000-00-VELPTB400,6,1,2019-08-07T13:34:00,2020-08-27T12:19:00,CGMGI-03FLMA-00006,,CGINS-VELPTB-12095,59.7701,-39.88419,,2292,2692,,,
AR35-05,,AR46,,GI03FLMA-RI000-00-VELPTB700,6,1,2019-08-07T13:34:00,2020-08-27T12:19:00,CGMGI-03FLMA-00006,,CGINS-VELPTB-11981,59.7701,-39.88419,,1992,2692,,,
AR35-05,,AR46,,GI03FLMA-RIM01-00-SIOENG000,6,1,2019-08-07T13:34:00,2020-08-27T12:19:00,CGMGI-03FLMA-00006,,CGCON-SIOCON-13994,59.7701,-39.88419,,1507,2692,,,
AR35-05,,AR46,,GI03FLMA-RIM01-02-ADCPSL003,6,1,2019-08-07T13:34:00,2020-08-27T12:19:00,CGMGI-03FLMA-00006,,CGINS-ADCPSL-21450,59.7701,-39.88419,,500,2692,,,
AR35-05,,AR46,,GI03FLMA-RIM01-02-CTDMOG040,6,1,2019-08-07T13:34:00,2020-08-27T10:54:00,CGMGI-03FLMA-00006,,CGINS-CTDMOG-11643,59.7701,-39.88419,,30,2692,,,
AR35-05,,AR46,,GI03FLMA-RIM01-02-CTDMOG041,6,1,2019-08-07T13:34:00,2020-08-27T10:54:00,CGMGI-03FLMA-00006,,CGINS-CTDMOG-12401,59.7701,-39.88419,,40,2692,,,
AR35-05,,AR46,,GI03FLMA-RIM01-02-CTDMOG042,6,1,2019-08-07T13:34:00,2020-08-27T10:54:00,CGMGI-03FLMA-00006,,CGINS-CTDMOG-11638,59.7701,-39.88419,,60,2692,,,
AR35-05,,AR46,,GI03FLMA-RIM01-02-CTDMOG043,6,1,2019-08-07T13:34:00,2020-08-27T10:54:00,CGMGI-03FLMA-00006,,CGINS-CTDMOG-10222,59.7701,-39.88419,,90,2692,,,
AR35-05,,AR46,,GI03FLMA-RIM01-02-CTDMOG044,6,1,2019-08-07T13:34:00,2020-08-27T10:54:00,CGMGI-03FLMA-00006,,CGINS-CTDMOG-11595,59.7701,-39.88419,,130,2692,,,
AR35-05,,AR46,,GI03FLMA-RIM01-02-CTDMOG045,6,1,2019-08-07T13:34:00,2020-08-27T10:54:00,CGMGI-03FLMA-00006,,CGINS-CTDMOG-10253,59.7701,-39.88419,,180,2692,,,
AR35-05,,AR46,,GI03FLMA-RIM01-02-CTDMOG046,6,1,2019-08-07T13:34:00,2020-08-27T10:54:00,CGMGI-03FLMA-00006,,CGINS-CTDMOG-10225,59.7701,-39.88419,,250,2692,,,
AR35-05,,AR46,,GI03FLMA-RIM01-02-CTDMOG047,6,1,2019-08-07T13:34:00,2020-08-27T10:54:00,CGMGI-03FLMA-00006,,CGINS-CTDMOG-10223,59.7701,-39.88419,,350,2692,,,
AR35-05,,AR46,,GI03FLMA-RIM01-02-CTDMOG048,6,1,2019-08-07T13:34:00,2020-08-27T12:19:00,CGMGI-03FLMA-00006,,CGINS-CTDMOG-10256,59.7701,-39.88419,,500,2692,,,
AR35-05,,AR46,,GI03FLMA-RIM01-02-CTDMOH049,6,1,2019-08-07T13:34:00,2020-08-27T12:19:00,CGMGI-03FLMA-00006,,CGINS-CTDMOH-10265,59.7701,-39.88419,,750,2692,,,
AR35-05,,AR46,,GI03FLMA-RIM01-02-CTDMOH050,6,1,2019-08-07T13:34:00,2020-08-27T12:19:00,CGMGI-03FLMA-00006,,CGINS-CTDMOH-10227,59.7701,-39.88419,,1000,2692,,,
AR35-05,,AR46,,GI03FLMA-RIM01-02-CTDMOH051,6,1,2019-08-07T13:34:00,2020-08-27T12:19:00,CGMGI-03FLMA-00006,,CGINS-CTDMOH-11597,59.7701,-39.88419,,1500,2692,,,
AR35-05,,AR46,,GI03FLMA-RIS01-00-SIOENG000,6,1,2019-08-07T13:34:00,2020-08-27T10:54:00,CGMGI-03FLMA-00006,,CGCON-SIOCON-13992,59.7701,-39.88419,,30,2692,,,
AR35-05,,AR46,,GI03FLMA-RIS01-03-DOSTAD000,6,1,2019-08-07T13:34:00,2020-08-27T10:54:00,CGMGI-03FLMA-00006,,CGINS-DOSTAD-00515,59.7701,-39.88419,,30,2692,,,
AR35-05,,AR46,,GI03FLMA-RIS01-04-PHSENF000,6,1,2019-08-07T13:34:00,2020-08-27T10:54:00,CGMGI-03FLMA-00006,,CGINS-PHSENF-P0141,59.7701,-39.88419,,30,2692,,,
AR35-05,,AR46,,GI03FLMA-RIS01-05-FLORTD000,6,1,2019-08-07T13:34:00,2020-08-27T10:54:00,CGMGI-03FLMA-00006,,CGINS-FLORTD-01212,59.7701,-39.88419,,30,2692,,,
AR46,,AR60-01,,GI03FLMA-RI000-00-CTDMOH000,7,1,2020-08-19T14:48:00,2021-08-18T08:54:00,CGMGI-03FLMA-00007,,CGINS-CTDMOH-12221,59.767117,-39.843617,,1700,2700,,,
AR46,,AR60-01,,GI03FLMA-RI000-00-CTDMOH100,7,1,2020-08-19T14:48:00,2021-08-18T08:54:00,CGMGI-03FLMA-00007,,CGINS-CTDMOH-12224,59.767117,-39.843617,,2600,2700,,,
AR46,,AR60-01,,GI03FLMA-RI000-00-CTDMOH400,7,1,2020-08-19T14:48:00,2021-08-18T08:54:00,CGMGI-03FLMA-00007,,CGINS-CTDMOH-12223,59.767117,-39.843617,,2300,2700,,,
AR46,,AR60-01,,GI03FLMA-RI000-00-CTDMOH700,7,1,2020-08-19T14:48:00,2021-08-18T08:54:00,CGMGI-03FLMA-00007,,CGINS-CTDMOH-12222,59.767117,-39.843617,,2000,2700,,,
AR46,,AR60-01,,GI03FLMA-RI000-00-VELPTB000,7,1,2020-08-19T14:48:00,2021-08-18T08:54:00,CGMGI-03FLMA-00007,,CGINS-VELPTB-11669,59.767117,-39.843617,,1700,2700,,,
AR46,,AR60-01,,GI03FLMA-RI000-00-VELPTB100,7,1,2020-08-19T14:48:00,2021-08-18T08:54:00,CGMGI-03FLMA-00007,,CGINS-VELPTB-12195,59.767117,-39.843617,,2600,2700,,,
AR46,,AR60-01,,GI03FLMA-RI000-00-VELPTB400,7,1,2020-08-19T14:48:00,2021-08-18T08:54:00,CGMGI-03FLMA-00007,,CGINS-VELPTB-11967,59.767117,-39.843617,,2300,2700,,,
AR46,,AR60-01,,GI03FLMA-RI000-00-VELPTB700,7,1,2020-08-19T14:48:00,2021-08-18T08:54:00,CGMGI-03FLMA-00007,,CGINS-VELPTB-11964,59.767117,-39.843617,,2000,2700,,,
AR46,,AR60-01,,GI03FLMA-RIM01-00-SIOENG000,7,1,2020-08-19T14:48:00,2021-08-18T08:54:00,CGMGI-03FLMA-00007,,CGCON-SIOCON-13995,59.767117,-39.843617,,1507,2700,,,
AR46,,AR60-01,,GI03FLMA-RIM01-02-ADCPSL003,7,1,2020-08-19T14:48:00,2021-08-18T08:54:00,CGMGI-03FLMA-00007,,CGINS-ADCPSL-20504,59.767117,-39.843617,,500,2700,,,
AR46,,AR60-01,,GI03FLMA-RIM01-02-CTDMOG040,7,1,2020-08-19T14:48:00,2021-08-17T09:36:00,CGMGI-03FLMA-00007,,CGINS-CTDMOG-13593,59.767117,-39.843617,,30,2700,,,
AR46,,AR60-01,,GI03FLMA-RIM01-02-CTDMOG041,7,1,2020-08-19T14:48:00,2021-08-17T09:36:00,CGMGI-03FLMA-00007,,CGINS-CTDMOG-13432,59.767117,-39.843617,,40,2700,,,
AR46,,AR60-01,,GI03FLMA-RIM01-02-CTDMOG042,7,1,2020-08-19T14:48:00,2021-08-17T09:36:00,CGMGI-03FLMA-00007,,CGINS-CTDMOG-13433,59.767117,-39.843617,,60,2700,,,
AR46,,AR60-01,,GI03FLMA-RIM01-02-CTDMOG043,7,1,2020-08-19T14:48:00,2021-08-17T09:36:00,CGMGI-03FLMA-00007,,CGINS-CTDMOG-13434,59.767117,-39.843617,,90,2700,,,
AR46,,AR60-01,,GI03FLMA-RIM01-02-CTDMOG044,7,1,2020-08-19T14:48:00,2021-08-17T09:36:00,CGMGI-03FLMA-00007,,CGINS-CTDMOG-13435,59.767117,-39.843617,,130,2700,,,
AR46,,AR60-01,,GI03FLMA-RIM01-02-CTDMOG045,7,1,2020-08-19T14:48:00,2021-08-17T09:36:00,CGMGI-03FLMA-00007,,CGINS-CTDMOG-13436,59.767117,-39.843617,,180,2700,,,
AR46,,AR60-01,,GI03FLMA-RIM01-02-CTDMOG046,7,1,2020-08-19T14:48:00,2021-08-17T09:36:00,CGMGI-03FLMA-00007,,CGINS-CTDMOG-13437,59.767117,-39.843617,,250,2700,,,
AR46,,AR60-01,,GI03FLMA-RIM01-02-CTDMOG047,7,1,2020-08-19T14:48:00,2021-08-17T09:36:00,CGMGI-03FLMA-00007,,CGINS-CTDMOG-13438,59.767117,-39.843617,,350,2700,,,
AR46,,AR60-01,,GI03FLMA-RIM01-02-CTDMOG048,7,1,2020-08-19T14:48:00,2021-08-18T08:54:00,CGMGI-03FLMA-00007,,CGINS-CTDMOG-13439,59.767117,-39.843617,,500,2700,,,
AR46,,AR60-01,,GI03FLMA-RIM01-02-CTDMOH049,7,1,2020-08-19T14:48:00,2021-08-18T08:54:00,CGMGI-03FLMA-00007,,CGINS-CTDMOH-13450,59.767117,-39.843617,,750,2700,,,
AR46,,AR60-01,,GI03FLMA-RIM01-02-CTDMOH050,7,1,2020-08-19T14:48:00,2021-08-18T08:54:00,CGMGI-03FLMA-00007,,CGINS-CTDMOH-13451,59.767117,-39.843617,,1000,2700,,,
AR46,,AR60-01,,GI03FLMA-RIM01-02-CTDMOH051,7,1,2020-08-19T14:48:00,2021-08-18T08:54:00,CGMGI-03FLMA-00007,,CGINS-CTDMOH-13452,59.767117,-39.843617,,1500,2700,,,
AR46,,AR60-01,,GI03FLMA-RIS01-00-SIOENG000,7,1,2020-08-19T14:48:00,2021-08-17T09:36:00,CGMGI-03FLMA-00007,,CGCON-SIOCON-13993,59.767117,-39.843617,,30,2700,,,
AR46,,AR60-01,,GI03FLMA-RIS01-03-DOSTAD000,7,1,2020-08-19T14:48:00,2021-08-17T09:36:00,CGMGI-03FLMA-00007,,CGINS-DOSTAD-00375,59.767117,-39.843617,,30,2700,,,
AR46,,AR60-01,,GI03FLMA-RIS01-04-PHSENF000,7,1,2020-08-19T14:48:00,2021-08-17T09:36:00,CGMGI-03FLMA-00007,,CGINS-PHSENF-P0104,59.767117,-39.843617,,30,2700,,,
AR46,,AR60-01,,GI03FLMA-RIS01-05-FLORTD000,7,1,2020-08-19T14:48:00,2021-08-17T09:36:00,CGMGI-03FLMA-00007,,CGINS-FLORTD-01300,59.767117,-39.843617,,30,2700,,,
AR60-01,,AR69-01,,GI03FLMA-RI000-00-CTDMOH000,8,1,2021-08-13T13:22:00,2022-07-08T14:26:00,CGMGI-03FLMA-00008,,CGINS-CTDMOH-10227,59.77095,-39.8836,,1692,2692,,,
AR60-01,,AR69-01,,GI03FLMA-RI000-00-CTDMOH100,8,1,2021-08-13T13:22:00,2022-07-08T14:26:00,CGMGI-03FLMA-00008,,CGINS-CTDMOH-12619,59.77095,-39.8836,,2592,2692,,,
AR60-01,,AR69-01,,GI03FLMA-RI000-00-CTDMOH400,8,1,2021-08-13T13:22:00,2022-07-08T14:26:00,CGMGI-03FLMA-00008,,CGINS-CTDMOH-11597,59.77095,-39.8836,,2292,2692,,,
AR60-01,,AR69-01,,GI03FLMA-RI000-00-CTDMOH700,8,1,2021-08-13T13:22:00,2022-07-08T14:26:00,CGMGI-03FLMA-00008,,CGINS-CTDMOH-10265,59.77095,-39.8836,,1992,2692,,,
AR60-01,,AR69-01,,GI03FLMA-RI000-00-VELPTB000,8,1,2021-08-13T13:22:00,2022-07-08T14:26:00,CGMGI-03FLMA-00008,,CGINS-VELPTB-11970,59.77095,-39.8836,,1692,2692,,,
AR60-01,,AR69-01,,GI03FLMA-RI000-00-VELPTB100,8,1,2021-08-13T13:22:00,2022-07-08T14:26:00,CGMGI-03FLMA-00008,,CGINS-VELPTB-12459,59.77095,-39.8836,,2592,2692,,,
AR60-01,,AR69-01,,GI03FLMA-RI000-00-VELPTB400,8,1,2021-08-13T13:22:00,2022-07-08T14:26:00,CGMGI-03FLMA-00008,,CGINS-VELPTB-12197,59.77095,-39.8836,,2292,2692,,,
AR60-01,,AR69-01,,GI03FLMA-RI000-00-VELPTB700,8,1,2021-08-13T13:22:00,2022-07-08T14:26:00,CGMGI-03FLMA-00008,,CGINS-VELPTB-11981,59.77095,-39.8836,,1992,2692,,,
AR60-01,,AR69-01,,GI03FLMA-RIM01-00-SIOENG000,8,1,2021-08-13T13:22:00,2022-07-08T14:26:00,CGMGI-03FLMA-00008,,CGCON-SIOCON-13278,59.77095,-39.8836,,1507,2692,,,
AR60-01,,AR69-01,,GI03FLMA-RIM01-02-ADCPSL003,8,1,2021-08-13T13:22:00,2022-07-08T14:26:00,CGMGI-03FLMA-00008,,CGINS-ADCPSL-18446,59.77095,-39.8836,,500,2692,,,
AR60-01,,AR69-01,,GI03FLMA-RIM01-02-CTDMOG040,8,1,2021-08-13T13:22:00,2022-07-08T12:54:00,CGMGI-03FLMA-00008,,CGINS-CTDMOG-10223,59.77095,-39.8836,,30,2692,,,
AR60-01,,AR69-01,,GI03FLMA-RIM01-02-CTDMOG041,8,1,2021-08-13T13:22:00,2022-07-08T12:54:00,CGMGI-03FLMA-00008,,CGINS-CTDMOG-12410,59.77095,-39.8836,,40,2692,,,
AR60-01,,AR69-01,,GI03FLMA-RIM01-02-CTDMOG042,8,1,2021-08-13T13:22:00,2022-07-08T12:54:00,CGMGI-03FLMA-00008,,CGINS-CTDMOG-11611,59.77095,-39.8836,,60,2692,,,
AR60-01,,AR69-01,,GI03FLMA-RIM01-02-CTDMOG043,8,1,2021-08-13T13:22:00,2022-07-08T12:54:00,CGMGI-03FLMA-00008,,CGINS-CTDMOG-11643,59.77095,-39.8836,,90,2692,,,
AR60-01,,AR69-01,,GI03FLMA-RIM01-02-CTDMOG044,8,1,2021-08-13T13:22:00,2022-07-08T12:54:00,CGMGI-03FLMA-00008,,CGINS-CTDMOG-11645,59.77095,-39.8836,,130,2692,,,
AR60-01,,AR69-01,,GI03FLMA-RIM01-02-CTDMOG045,8,1,2021-08-13T13:22:00,2022-07-08T12:54:00,CGMGI-03FLMA-00008,,CGINS-CTDMOG-11594,59.77095,-39.8836,,180,2692,,,
AR60-01,,AR69-01,,GI03FLMA-RIM01-02-CTDMOG046,8,1,2021-08-13T13:22:00,2022-07-08T12:54:00,CGMGI-03FLMA-00008,,CGINS-CTDMOG-11595,59.77095,-39.8836,,250,2692,,,
AR60-01,,AR69-01,,GI03FLMA-RIM01-02-CTDMOG047,8,1,2021-08-13T13:22:00,2022-07-08T12:54:00,CGMGI-03FLMA-00008,,CGINS-CTDMOG-10222,59.77095,-39.8836,,350,2692,,,
AR60-01,,AR69-01,,GI03FLMA-RIM01-02-CTDMOG048,8,1,2021-08-13T13:22:00,2022-07-08T14:26:00,CGMGI-03FLMA-00008,,CGINS-CTDMOG-13595,59.77095,-39.8836,,500,2692,,,
AR60-01,,AR69-01,,GI03FLMA-RIM01-02-CTDMOH049,8,1,2021-08-13T13:22:00,2022-07-08T14:26:00,CGMGI-03FLMA-00008,,CGINS-CTDMOH-12227,59.77095,-39.8836,,750,2692,,,
AR60-01,,AR69-01,,GI03FLMA-RIM01-02-CTDMOH050,8,1,2021-08-13T13:22:00,2022-07-08T14:26:00,CGMGI-03FLMA-00008,,CGINS-CTDMOH-13455,59.77095,-39.8836,,1000,2692,,,
AR60-01,,AR69-01,,GI03FLMA-RIM01-02-CTDMOH051,8,1,2021-08-13T13:22:00,2022-07-08T14:26:00,CGMGI-03FLMA-00008,,CGINS-CTDMOH-12219,59.77095,-39.8836,,1500,2692,,,
AR60-01,,AR69-01,,GI03FLMA-RIS01-00-SIOENG000,8,1,2021-08-13T13:22:00,2022-07-08T12:54:00,CGMGI-03FLMA-00008,,CGCON-SIOCON-13997,59.77095,-39.8836,,30,2692,,,
AR60-01,,AR69-01,,GI03FLMA-RIS01-03-DOSTAD000,8,1,2021-08-13T13:22:00,2022-07-08T12:54:00,CGMGI-03FLMA-00008,,CGINS-DOSTAD-00514,59.77095,-39.8836,,30,2692,,,
AR60-01,,AR69-01,,GI03FLMA-RIS01-04-PHSENF000,8,1,2021-08-13T13:22:00,2022-07-08T12:54:00,CGMGI-03FLMA-00008,,CGINS-PHSENF-P0141,59.77095,-39.8836,,30,2692,,,
AR60-01,,AR69-01,,GI03FLMA-RIS01-05-FLORTD000,8,1,2021-08-13T13:22:00,2022-07-08T12:54:00,CGMGI-03FLMA-00008,,CGINS-FLORTD-01107,59.77095,-39.8836,,30,2692,,,
AR69-01,,,,GI03FLMA-RI000-00-CTDMOH000,9,1,2022-07-03T13:45:00,,CGMGI-03FLMA-00009,,CGINS-CTDMOH-13451,59.76685,-39.927187,,1690,2690,,,
AR69-01,,,,GI03FLMA-RI000-00-CTDMOH100,9,1,2022-07-03T13:45:00,,CGMGI-03FLMA-00009,,CGINS-CTDMOH-12391,59.76685,-39.927187,,2590,2690,,,
AR69-01,,,,GI03FLMA-RI000-00-CTDMOH400,9,1,2022-07-03T13:45:00,,CGMGI-03FLMA-00009,,CGINS-CTDMOH-13446,59.76685,-39.927187,,2290,2690,,,
AR69-01,,,,GI03FLMA-RI000-00-CTDMOH700,9,1,2022-07-03T13:45:00,,CGMGI-03FLMA-00009,,CGINS-CTDMOH-13450,59.76685,-39.927187,,1990,2690,,,
AR69-01,,,,GI03FLMA-RI000-00-VELPTB000,9,1,2022-07-03T13:45:00,,CGMGI-03FLMA-00009,,CGINS-VELPTB-11973,59.76685,-39.927187,,1690,2690,,,
AR69-01,,,,GI03FLMA-RI000-00-VELPTB100,9,1,2022-07-03T13:45:00,,CGMGI-03FLMA-00009,,CGINS-VELPTB-12195,59.76685,-39.927187,,2590,2690,,,
AR69-01,,,,GI03FLMA-RI000-00-VELPTB400,9,1,2022-07-03T13:45:00,,CGMGI-03FLMA-00009,,CGINS-VELPTB-11976,59.76685,-39.927187,,2290,2690,,,
AR69-01,,,,GI03FLMA-RI000-00-VELPTB700,9,1,2022-07-03T13:45:00,,CGMGI-03FLMA-00009,,CGINS-VELPTB-11974,59.76685,-39.927187,,1990,2690,,,
AR69-01,,,,GI03FLMA-RIM01-00-SIOENG000,9,1,2022-07-03T13:45:00,,CGMGI-03FLMA-00009,,CGCON-SIOCON-13995,59.76685,-39.927187,,1507,2690,,,
AR69-01,,,,GI03FLMA-RIM01-02-ADCPSL003,9,1,2022-07-03T13:45:00,,CGMGI-03FLMA-00009,,CGINS-ADCPSL-23498,59.76685,-39.927187,,500,2690,,,
AR69-01,,,,GI03FLMA-RIM01-02-CTDMOG040,9,1,2022-07-03T13:45:00,,CGMGI-03FLMA-00009,,CGINS-CTDMOG-13593,59.76685,-39.927187,,30,2690,,,
AR69-01,,,,GI03FLMA-RIM01-02-CTDMOG041,9,1,2022-07-03T13:45:00,,CGMGI-03FLMA-00009,,CGINS-CTDMOG-13432,59.76685,-39.927187,,40,2690,,,
AR69-01,,,,GI03FLMA-RIM01-02-CTDMOG042,9,1,2022-07-03T13:45:00,,CGMGI-03FLMA-00009,,CGINS-CTDMOG-13433,59.76685,-39.927187,,60,2690,,,
AR69-01,,,,GI03FLMA-RIM01-02-CTDMOG043,9,1,2022-07-03T13:45:00,,CGMGI-03FLMA-00009,,CGINS-CTDMOG-13434,59.76685,-39.927187,,90,2690,,,
AR69-01,,,,GI03FLMA-RIM01-02-CTDMOG044,9,1,2022-07-03T13:45:00,,CGMGI-03FLMA-00009,,CGINS-CTDMOG-13617,59.76685,-39.927187,,130,2690,,,
AR69-01,,,,GI03FLMA-RIM01-02-CTDMOG045,9,1,2022-07-03T13:45:00,,CGMGI-03FLMA-00009,,CGINS-CTDMOG-13616,59.76685,-39.927187,,180,2690,,,
AR69-01,,,,GI03FLMA-RIM01-02-CTDMOG046,9,1,2022-07-03T13:45:00,,CGMGI-03FLMA-00009,,CGINS-CTDMOG-11649,59.76685,-39.927187,,250,2690,,,
AR69-01,,,,GI03FLMA-RIM01-02-CTDMOG047,9,1,2022-07-03T13:45:00,,CGMGI-03FLMA-00009,,CGINS-CTDMOG-11650,59.76685,-39.927187,,350,2690,,,
AR69-01,,,,GI03FLMA-RIM01-02-CTDMOG048,9,1,2022-07-03T13:45:00,,CGMGI-03FLMA-00009,,CGINS-CTDMOG-13439,59.76685,-39.927187,,500,2690,,,
AR69-01,,,,GI03FLMA-RIM01-02-CTDMOH049,9,1,2022-07-03T13:45:00,,CGMGI-03FLMA-00009,,CGINS-CTDMOH-10229,59.76685,-39.927187,,750,2690,,,
AR69-01,,,,GI03FLMA-RIM01-02-CTDMOH050,9,1,2022-07-03T13:45:00,,CGMGI-03FLMA-00009,,CGINS-CTDMOH-12223,59.76685,-39.927187,,1000,2690,,,
AR69-01,,,,GI03FLMA-RIM01-02-CTDMOH051,9,1,2022-07-03T13:45:00,,CGMGI-03FLMA-00009,,CGINS-CTDMOH-12224,59.76685,-39.927187,,1500,2690,,,
AR69-01,,,,GI03FLMA-RIS01-00-SIOENG000,9,1,2022-07-03T13:45:00,,CGMGI-03FLMA-00009,,CGCON-SIOCON-14884,59.76685,-39.927187,,30,2690,,,
AR69-01,,,,GI03FLMA-RIS01-03-DOSTAD000,9,1,2022-07-03T13:45:00,,CGMGI-03FLMA-00009,,CGINS-DOSTAD-00457,59.76685,-39.927187,,30,2690,,,
AR69-01,,,,GI03FLMA-RIS01-04-PHSENF000,9,1,2022-07-03T13:45:00,,CGMGI-03FLMA-00009,,CGINS-PHSENF-P0181,59.76685,-39.927187,,30,2690,,,
AR69-01,,,,GI03FLMA-RIS01-05-FLORTD000,9,1,2022-07-03T13:45:00,,CGMGI-03FLMA-00009,,CGINS-FLORTD-01319,59.76685,-39.927187,,30,2690,,,
